#{"t_start": 1781278303.5499153, "env_id": "None"}
r,l,t
92.219749,288,0.32462
8.488423,288,0.620474
144.088115,288,0.92126
82.754298,288,8.713871
42.627647,288,22.897262
26.357607,288,36.388955
24.712911,288,50.424413
170.511769,288,64.143191
52.436065,288,77.942208
59.119557,288,92.033766
12.726319,288,106.023106
147.085191,288,119.997335
39.82633,288,134.313244
74.408869,288,148.533056
46.63436,288,162.841727
182.870522,288,177.199131
-2.162181,288,191.545161
624.723636,288,205.906847
307.236492,288,220.317118
227.670479,288,235.669717
121.363414,288,250.285245
284.751468,288,264.980503
374.838841,288,279.440162
360.709989,288,293.493087
121.679046,288,307.707047
501.793863,288,321.818934
129.324234,288,336.616407
366.883583,288,350.939916
313.525471,288,364.845743
163.042722,288,378.897758
241.897829,288,392.991907
313.355781,288,407.288708
176.202906,288,421.682671
218.449508,288,436.042015
159.829269,288,455.393164
196.26801,288,469.992198
372.685382,288,484.579748
148.819877,288,499.254254
174.13991,288,513.897763
344.044072,288,528.451493
155.022991,288,542.860219
-17.585376,288,556.992565
337.441233,288,571.210787
204.980165,288,585.24807
215.858639,288,599.652284
873.717167,288,613.680178
397.067441,288,627.516446
833.097086,288,641.588461
454.347465,288,655.701338
500.155464,288,669.80909
318.75077,288,684.070364
616.175934,288,698.259663
196.090603,288,712.525538
132.882255,288,727.056546
147.520383,288,741.175421
231.542282,288,755.404013
67.656809,288,769.806827
65.100476,288,783.809623
426.265869,288,797.6371
485.839652,288,811.891653
195.502863,288,825.915681
422.574164,288,840.701718
66.768365,288,854.942326
285.032264,288,869.375717
459.579527,288,883.697912
522.960578,288,898.209204
422.944615,288,912.65538
244.626675,288,927.217008
327.333871,288,941.558526
241.517881,288,961.077853
604.781522,288,975.36004
417.633638,288,989.850848
201.15412,288,1004.443975
265.875378,288,1018.731221
816.887701,288,1033.270988
246.727184,288,1047.644345
323.780323,288,1061.428004
581.509721,288,1075.569954
236.820843,288,1089.856306
460.96254,288,1103.964864
594.847003,288,1118.542726
549.330974,288,1133.025939
237.452047,288,1146.975955
433.299514,288,1161.181767
267.351045,288,1175.568344
657.009792,288,1189.896407
347.208533,288,1206.784484
195.969486,288,1221.549285
208.644906,288,1236.413089
390.751474,288,1250.701293
858.38112,288,1265.201564
342.779227,288,1279.915989
445.716663,288,1294.094019
86.212429,288,1308.405881
-49.304927,288,1322.605722
211.588968,288,1336.726839
796.300752,288,1350.878467
565.588267,288,1365.221729
571.818372,288,1379.446183
417.766156,288,1393.767617
533.486216,288,1408.022623
371.80147,288,1422.217943
239.165678,288,1437.256581
-27.733716,288,1451.367321
596.519002,288,1470.409689
488.238685,288,1485.012629
514.960575,288,1499.229962
-48.876249,288,1513.214936
186.582369,288,1527.358442
352.012821,288,1541.716549
470.637829,288,1556.008972
231.983755,288,1569.976876
1008.26891,288,1584.523917
-60.964489,288,1599.003841
555.198828,288,1613.623939
338.646308,288,1628.388679
225.22781,288,1642.88678
7.346079,288,1657.295346
-47.831613,288,1671.767052
292.796859,288,1685.986339
446.86004,288,1700.242467
246.228383,288,1714.458816
479.675143,288,1728.789253
604.853496,288,1743.285457
425.485229,288,1757.81942
98.523583,288,1772.435482
769.728334,288,1786.786046
-57.913398,288,1801.16222
365.840765,288,1815.475493
662.096293,288,1829.989439
173.382819,288,1844.582928
49.457074,288,1859.054243
668.704199,288,1873.713594
195.742385,288,1888.019672
93.792503,288,1902.339441
350.795229,288,1916.722866
504.824137,288,1930.842321
669.499984,288,1944.996926
869.911461,288,1964.131429
696.376069,288,1978.639236
669.182197,288,1992.837478
359.714744,288,2007.089341
428.179073,288,2021.284847
426.785547,288,2036.123001
-6.68275,288,2050.560508
214.119397,288,2064.981647
450.756334,288,2079.138355
176.339004,288,2093.790004
353.340533,288,2108.358983
700.846513,288,2123.018034
731.744473,288,2138.048689
632.544605,288,2152.607233
428.900809,288,2167.387303
518.187589,288,2181.958985
23.693644,288,2196.655778
225.935649,288,2211.362175
490.013274,288,2226.121012
469.86595,288,2240.816905
146.706482,288,2255.334403
483.862408,288,2269.900356
803.657279,288,2284.476872
34.172397,288,2298.74469
415.359862,288,2313.232077
180.441226,288,2327.526654
379.841936,288,2341.759026
679.197842,288,2356.083106
45.106614,288,2370.192044
228.356103,288,2384.436616
572.551927,288,2398.628892
522.168664,288,2412.738614
106.775955,288,2427.482065
208.898387,288,2441.960882
408.887247,288,2456.323715
302.120991,288,2476.084926
651.790682,288,2490.844024
269.594413,288,2505.988298
695.059075,288,2520.930524
531.096667,288,2535.551824
383.129282,288,2550.224307
358.242258,288,2564.82419
294.716985,288,2579.347057
190.107262,288,2593.784952
624.807159,288,2608.703536
482.737966,288,2623.414436
306.52557,288,2639.080723
553.353665,288,2653.850896
372.838961,288,2668.757862
603.044245,288,2683.704995
220.854474,288,2698.616485
-25.356472,288,2713.28244
78.601936,288,2728.18113
-29.386998,288,2742.986101
582.135066,288,2757.478077
357.548498,288,2772.23791
732.3824,288,2788.96032
531.81682,288,2805.702298
567.99547,288,2820.411183
34.494714,288,2834.847691
494.110865,288,2849.20655
655.692521,288,2863.464537
705.099319,288,2877.709742
285.25997,288,2892.14623
205.597447,288,2906.760552
342.111994,288,2921.040938
450.992489,288,2935.628105
730.17384,288,2950.032877
174.532919,288,2964.607877
51.784665,288,2978.917655
145.004761,288,2998.198991
225.109403,288,3012.89474
712.815607,288,3027.750506
568.323058,288,3042.469846
437.214724,288,3057.471756
460.963306,288,3072.432144
370.088181,288,3087.296908
674.312595,288,3102.428221
295.410153,288,3116.898513
253.66116,288,3131.588137
400.379244,288,3146.423031
707.002192,288,3160.774276
437.312375,288,3175.354529
490.496516,288,3189.807659
623.039656,288,3204.082958
732.223988,288,3218.605443
398.471628,288,3233.81219
528.296198,288,3248.370432
319.799173,288,3263.110003
210.650328,288,3277.886976
244.764791,288,3292.662502
8.127613,288,3307.716136
601.427344,288,3322.820126
516.823695,288,3337.707026
563.589834,288,3352.832699
244.769483,288,3367.418004
284.854624,288,3382.604254
565.063835,288,3397.648602
305.217919,288,3412.683877
371.567354,288,3427.719762
623.362828,288,3442.864215
232.563603,288,3457.813271
450.966333,288,3473.047271
275.762648,288,3488.194906
558.844142,288,3503.38064
399.245785,288,3523.421544
520.285862,288,3538.479296
397.928669,288,3553.36342
367.479581,288,3568.130211
520.719169,288,3583.042363
470.495899,288,3597.74462
-20.242753,288,3612.69058
50.511237,288,3627.091887
195.427025,288,3643.282708
260.395657,288,3661.227912
535.339629,288,3680.25691
580.91471,288,3701.034167
599.239115,288,3721.12167
1134.26296,288,3742.201166
295.877029,288,3761.967306
323.385004,288,3785.018475
279.285303,288,3805.410218
390.88022,288,3827.242281
-8.6164,288,3848.061782
423.448741,288,3870.208876
274.147928,288,3890.210761
796.636147,288,3907.450466
513.654378,288,3926.955558
13.283777,288,3947.298911
191.665871,288,3968.614619
290.589102,288,3989.084809
117.711739,288,4009.692179
388.973503,288,4032.686273
732.971062,288,4062.351423
279.997563,288,4085.590101
197.360792,288,4108.035233
12.843797,288,4130.391229
112.599451,288,4154.157212
137.17819,288,4177.870418
342.736913,288,4206.433181
776.158465,288,4225.376182
667.833198,288,4246.198264
718.698345,288,4265.006307
475.112339,288,4284.710637
165.466911,288,4303.813514
136.150775,288,4323.647799
823.079119,288,4342.340344
489.451747,288,4361.685437
454.562251,288,4380.50359
