#{"t_start": 1781343132.7770598, "env_id": "None"}
r,l,t
2.169466,288,3.36981
4.934137,288,3.540803
3.771268,288,3.649151
-6.761677,288,9.877104
100.938614,288,23.939658
155.926001,288,38.133441
37.87942,288,53.796111
24.100369,288,68.65823
30.503663,288,85.081867
116.031788,288,99.748946
43.394262,288,114.098308
19.507082,288,126.779414
36.423742,288,140.867433
30.473978,288,152.965993
52.68657,288,168.403283
71.418148,288,182.370055
43.35028,288,199.239205
87.418347,288,221.071388
29.897421,288,236.444266
59.53859,288,251.101525
56.567694,288,267.822806
34.758283,288,283.023065
104.488678,288,297.621076
113.098042,288,311.44326
53.236304,288,324.658716
177.961902,288,342.051093
26.404866,288,359.072523
31.430105,288,380.270934
89.853371,288,398.200208
33.634821,288,419.240342
49.621047,288,434.69005
153.197377,288,450.631999
152.130694,288,466.299206
136.875225,288,481.086241
112.176862,288,499.689428
104.624166,288,514.148084
59.676408,288,528.320303
140.550262,288,543.215851
108.254636,288,559.034008
140.763008,288,574.689242
107.171624,288,588.318462
98.100342,288,599.554153
177.417416,288,612.109175
144.831278,288,624.897792
127.227642,288,639.730867
100.244734,288,653.581958
142.222703,288,665.682684
73.799422,288,677.78904
66.833464,288,689.50347
61.112214,288,701.858023
153.344677,288,716.238709
93.136625,288,733.861674
100.107029,288,757.813383
157.891478,288,774.654119
86.946396,288,790.836578
114.359348,288,806.835506
177.644493,288,823.485869
91.672402,288,840.01485
62.052177,288,855.986491
68.427044,288,871.4643
72.259907,288,882.427566
34.080565,288,897.743886
128.262446,288,911.393482
59.862575,288,924.331919
109.300909,288,939.835169
192.170426,288,954.936277
91.940854,288,967.802934
51.836375,288,982.665335
126.951641,288,996.260815
109.946377,288,1013.505097
85.634806,288,1027.969114
216.79805,288,1041.899992
127.514693,288,1056.072643
115.660391,288,1072.603913
90.557762,288,1089.974075
140.178815,288,1106.595969
78.187936,288,1123.103667
142.802169,288,1140.497362
101.567072,288,1156.992937
146.455075,288,1172.715222
42.56846,288,1186.099292
135.118236,288,1201.770216
116.661057,288,1218.040358
175.750773,288,1234.431969
99.340647,288,1250.998841
144.375711,288,1267.809721
112.073146,288,1291.453712
83.833289,288,1307.774174
124.85106,288,1324.000795
122.695123,288,1340.398285
232.209218,288,1356.863346
34.539156,288,1373.302905
145.162083,288,1389.725148
38.816588,288,1407.135478
156.131228,288,1423.516197
154.212853,288,1440.32321
173.156362,288,1456.850445
82.411079,288,1473.323944
70.424646,288,1489.650836
60.343784,288,1505.863952
112.475364,288,1522.424868
120.633286,288,1538.795624
96.778596,288,1555.215095
69.021969,288,1572.533915
116.226481,288,1596.172177
223.823742,288,1612.163805
90.52406,288,1628.312971
121.862289,288,1644.81992
148.590046,288,1660.996293
104.891368,288,1676.956026
146.040986,288,1693.235844
88.078967,288,1709.222848
130.730279,288,1725.296024
167.060489,288,1741.916033
64.824459,288,1757.673865
147.686365,288,1773.91138
133.424863,288,1789.243291
106.057642,288,1803.765636
195.742523,288,1818.829715
56.593781,288,1835.296645
28.685325,288,1851.903212
32.510596,288,1875.758994
85.516556,288,1892.212683
107.025909,288,1908.793125
174.781381,288,1925.205553
94.617369,288,1941.675855
141.999571,288,1958.206212
75.728042,288,1974.713732
141.31779,288,1990.703875
122.575524,288,2008.347625
202.893568,288,2024.43316
97.288004,288,2040.980428
157.548311,288,2055.753841
128.415071,288,2068.172409
98.905661,288,2083.031691
165.192647,288,2097.352606
171.250653,288,2111.568662
47.707783,288,2125.656891
118.333288,288,2145.951087
73.804378,288,2159.357583
109.511947,288,2173.220771
56.354657,288,2187.705408
98.132487,288,2202.055168
135.8068,288,2216.614589
115.011151,288,2230.718887
117.789678,288,2244.959474
48.460193,288,2259.114969
119.415843,288,2274.609208
98.317012,288,2289.790699
61.323502,288,2307.459984
119.067506,288,2325.868124
34.001738,288,2342.859155
109.346276,288,2359.620007
109.378883,288,2376.164739
112.1126,288,2393.001145
8.361517,288,2409.716313
115.834578,288,2433.529197
121.626486,288,2450.202208
106.161318,288,2466.926344
155.010717,288,2484.403109
192.220144,288,2501.069753
77.140953,288,2517.707943
118.834832,288,2534.398157
95.683555,288,2550.994092
127.334667,288,2567.745102
110.284177,288,2584.443801
92.95216,288,2602.43093
100.320617,288,2619.013291
104.097539,288,2636.265637
105.421259,288,2653.448251
59.398608,288,2670.129668
48.355599,288,2686.842103
103.773012,288,2703.530186
112.271862,288,2727.713682
83.909765,288,2744.299968
43.407066,288,2761.08685
110.194113,288,2777.9612
184.80732,288,2794.834551
151.205338,288,2811.57637
127.438954,288,2828.94487
98.121477,288,2846.88807
92.173149,288,2865.568068
65.175606,288,2882.666645
77.234176,288,2899.566622
104.056741,288,2916.308734
139.46641,288,2933.219267
168.043762,288,2950.684037
115.075832,288,2967.683393
95.882479,288,2984.455564
100.358077,288,3001.294497
131.180103,288,3025.554676
100.37629,288,3042.399622
173.413245,288,3059.195592
110.985276,288,3076.35609
79.25362,288,3093.350457
99.932165,288,3110.157959
79.050311,288,3127.059236
111.774673,288,3144.001107
42.441679,288,3160.754669
90.100308,288,3177.536357
161.333931,288,3194.560426
92.683729,288,3212.517484
143.908338,288,3229.705641
98.169223,288,3246.735249
68.141279,288,3264.025566
93.095983,288,3280.851569
128.58978,288,3297.703053
83.576463,288,3315.019896
150.417296,288,3339.074427
54.424841,288,3355.932161
242.560982,288,3372.75328
63.323928,288,3389.762818
103.076683,288,3406.659877
151.999464,288,3423.669689
110.697751,288,3441.141494
81.22336,288,3458.046831
89.902832,288,3475.136943
217.699701,288,3492.283182
120.976748,288,3509.228231
121.939026,288,3526.300266
80.844908,288,3543.305104
117.619167,288,3560.504464
116.578896,288,3577.461411
150.442855,288,3594.415094
104.627016,288,3611.621683
107.059935,288,3635.794386
200.933568,288,3652.8218
111.19833,288,3670.005593
103.951399,288,3687.36153
75.862629,288,3704.383609
121.854579,288,3721.486195
79.437104,288,3738.669315
46.304158,288,3755.724478
98.472841,288,3773.096833
130.926941,288,3790.293472
136.075242,288,3809.094319
90.598573,288,3826.232541
77.718905,288,3843.389882
109.988052,288,3860.719769
77.416353,288,3878.304931
96.16291,288,3895.827917
81.722464,288,7934.257778
97.949746,288,7947.309203
102.26043,288,7964.396288
143.015549,288,7974.812602
151.353794,288,7985.595329
118.30409,288,7998.505994
35.932754,288,8010.109498
64.224788,288,8024.047482
127.451807,288,8035.687779
89.356277,288,8048.150566
108.26155,288,8060.38774
92.94103,288,8071.838145
96.278365,288,8085.112076
94.61689,288,8096.627239
136.873499,288,8107.500892
39.423308,288,8118.01063
121.090579,288,8128.602627
62.339045,288,8139.851918
85.398996,288,8151.030017
122.458668,288,8168.633541
124.588684,288,8180.562671
180.817575,288,8191.599666
77.827757,288,8203.758576
74.819882,288,8217.553518
103.392414,288,8231.686137
169.910518,288,8245.519304
80.846712,288,8256.139231
80.86512,288,8269.714501
136.628155,288,8282.318877
95.456821,288,8294.355212
110.671515,288,8307.235565
163.5229,288,8319.779977
130.26577,288,8331.074909
100.933672,288,8341.438442
187.186118,288,8352.134342
93.820929,288,8363.099751
101.291824,288,8378.615178
96.511698,288,8391.404486
130.516577,288,8405.076363
92.853682,288,8419.082112
98.989065,288,8430.265175
53.845185,288,8441.18752
197.521797,288,8452.313141
107.461979,288,8464.929347
108.117554,288,8476.501011
80.522615,288,8487.677081
127.551492,288,8499.128134
107.553756,288,8510.718123
144.769037,288,8523.933902
130.874037,288,8535.786177
149.776308,288,8549.157458
64.271364,288,8561.085844
128.298079,288,8573.64587
155.163626,288,8585.928807
121.746988,288,8603.121848
68.443919,288,8614.125341
85.453905,288,8624.661773
93.877912,288,8635.359342
179.874898,288,8645.826703
70.537177,288,8656.21869
60.039525,288,8666.678878
147.982796,288,8677.193165
149.628855,288,8687.746172
78.096452,288,8698.265207
63.969312,288,8708.81081
99.59196,288,8719.354478
203.557538,288,8729.920069
192.59149,288,8740.571797
89.44751,288,8751.094257
117.422862,288,8761.814455
167.492233,288,8772.255821
141.351442,288,8786.468615
124.39474,288,8797.197354
165.549525,288,8807.799874
84.041696,288,8818.455233
151.783219,288,8830.144602
106.008696,288,8843.155479
132.057087,288,8854.661483
121.190723,288,8865.817405
106.434512,288,8877.489994
89.149934,288,8888.617665
60.754284,288,8899.699452
125.532797,288,8910.704312
156.779353,288,8921.929563
138.938056,288,8933.079965
95.202698,288,8943.976305
106.612489,288,8954.828869
128.9185,288,8965.601161
136.222133,288,8980.41295
169.615153,288,8991.179328
43.189445,288,9001.885364
89.706248,288,9012.631578
129.695979,288,9023.164636
173.576257,288,9033.913934
91.081639,288,9044.538044
108.444681,288,9055.06096
85.788326,288,9065.570884
109.754011,288,9076.024519
98.923619,288,9086.542582
56.532207,288,9096.943468
101.348506,288,9107.438397
102.943625,288,9118.501119
80.425449,288,9129.179694
155.922813,288,9139.578318
90.741421,288,9149.960941
109.269939,288,9160.424466
126.110663,288,9174.75292
121.799307,288,9185.253352
85.155292,288,9195.779368
113.480483,288,9206.208829
141.347701,288,9216.093581
16.360548,288,9226.483898
187.642413,288,9236.965139
76.963398,288,9247.468127
141.581425,288,9257.93249
101.222866,288,9268.385589
156.549685,288,9278.889616
119.988587,288,9289.401886
61.223587,288,9299.966155
86.697284,288,9310.898167
33.142467,288,9321.369982
101.657162,288,9331.711338
91.584857,288,9342.146411
97.679513,288,9356.629513
177.629041,288,9367.10861
116.893924,288,9377.607271
125.871833,288,9388.090748
174.182045,288,9398.570551
109.66909,288,9409.24525
97.239005,288,9419.743751
209.171062,288,9430.239225
99.998861,288,9440.750894
97.02205,288,9451.219144
96.002358,288,9461.726407
127.911006,288,9472.271119
138.430399,288,9482.880491
162.991173,288,9493.412688
66.014874,288,9503.909669
174.415157,288,9514.406561
79.923902,288,9525.026927
94.230284,288,9539.45114
95.811486,288,9549.941545
100.475087,288,9560.504212
71.841278,288,9571.050212
68.498837,288,9581.553023
124.063021,288,9591.687161
67.320944,288,9601.995999
72.642974,288,9612.490483
94.132124,288,9622.979663
165.953154,288,9633.528467
148.051355,288,9644.083537
104.973382,288,9654.631563
108.883109,288,9665.121142
178.535647,288,9675.692093
98.807285,288,9686.315802
79.117254,288,9696.793714
132.551255,288,9707.345803
127.219742,288,9719.144758
85.502151,288,9733.955335
81.90764,288,9744.603043
110.167493,288,9755.23472
111.684419,288,9765.960264
105.2548,288,9777.498758
145.804092,288,9788.058485
207.328797,288,9798.71959
98.614717,288,9809.477499
123.522509,288,9819.940849
101.924768,288,9830.43111
97.126141,288,9841.057639
159.106204,288,9851.73785
56.858517,288,9862.283374
114.683562,288,9872.883058
113.593824,288,9883.472902
81.311573,288,9894.173658
124.672112,288,9905.105888
167.631488,288,9919.547647
97.919199,288,9930.133486
86.205829,288,9940.649258
155.266593,288,9952.558789
78.007923,288,9963.627863
147.805088,288,9974.299077
39.878515,288,9984.503512
148.58619,288,9995.059929
89.668783,288,10005.590451
72.211908,288,10016.168907
116.744913,288,10026.820923
177.074457,288,10037.336081
114.251116,288,10047.855338
101.506964,288,10058.334565
68.942102,288,10068.839723
160.174679,288,10079.501698
133.008054,288,10090.025297
117.262737,288,10100.852363
113.366951,288,10116.005754
101.603859,288,10126.601241
89.872614,288,10137.273411
65.858679,288,10147.874182
205.055121,288,10158.358624
132.227768,288,10168.912209
95.968354,288,10179.498595
145.264459,288,10190.166843
129.745415,288,10200.706379
115.946111,288,10211.315879
109.069539,288,10221.864134
103.137841,288,10232.408681
117.700624,288,10243.054002
204.214387,288,10253.723373
84.208402,288,10264.339778
68.611185,288,10274.951138
113.483562,288,10285.559029
97.635566,288,10300.027418
128.724241,288,10310.621027
182.259457,288,10322.35407
123.851446,288,10332.879376
118.888601,288,10343.44432
163.929295,288,10354.124454
132.106108,288,10364.250502
133.467911,288,10374.736294
157.116282,288,10385.279724
64.59555,288,10395.835672
134.328021,288,10406.620347
168.201388,288,10417.200951
77.948455,288,10427.795732
85.526795,288,10438.397003
68.957548,288,10449.465819
97.90967,288,10459.954477
53.893375,288,10470.58436
95.980452,288,10485.034932
136.307842,288,10495.612008
22.577923,288,10506.243956
85.935414,288,10517.009322
94.350077,288,10527.568699
106.196644,288,10538.129936
48.422125,288,10548.686793
162.679833,288,10559.196646
90.364765,288,10569.678038
122.028246,288,10580.128304
148.848286,288,10590.579782
131.519096,288,10601.118696
179.268583,288,10611.726659
95.616435,288,10622.47961
131.026071,288,10633.259423
79.454016,288,10643.880758
121.61569,288,10654.45052
164.506081,288,10664.98489
116.397192,288,10679.915759
89.699814,288,10690.557829
76.88326,288,10701.112593
165.794986,288,10712.069506
113.55647,288,10722.703441
109.927892,288,10733.387802
67.08258,288,10744.128958
88.350335,288,10754.435477
119.988493,288,10765.064115
142.168865,288,10775.760363
98.593178,288,10786.470711
194.27581,288,10797.343462
94.860911,288,10808.12384
122.692481,288,10818.968363
93.842681,288,10829.621133
130.533002,288,10840.250933
89.227517,288,10850.809536
161.101162,288,10865.428136
176.636409,288,10876.16416
119.618952,288,10886.851118
231.0389,288,10897.511828
88.257991,288,10908.27461
24.702283,288,10919.808381
103.370896,288,10930.434705
114.651195,288,10940.914571
138.655706,288,10951.388113
128.030282,288,10961.937709
126.530363,288,10972.709668
137.723665,288,10983.362001
82.501553,288,10994.031662
180.699705,288,11004.888761
117.982863,288,11015.442936
146.763943,288,11026.044708
122.696854,288,11036.615041
179.168771,288,11050.962447
135.17326,288,11061.412323
110.015107,288,11071.94884
56.064412,288,11082.532205
140.126789,288,11093.12161
54.878113,288,11103.651019
202.72679,288,11114.17843
204.786658,288,11124.723979
197.100526,288,11135.379749
79.842612,288,11145.368153
93.722903,288,11155.897668
96.991675,288,11166.44336
120.520701,288,11176.998314
57.154651,288,11187.630181
79.380207,288,11198.177059
55.600621,288,11208.818797
124.100255,288,11219.498036
86.575848,288,11230.052791
97.261234,288,11244.588064
130.038343,288,11255.136451
144.315952,288,11265.714469
111.454342,288,11276.336641
160.587985,288,11287.11201
106.125834,288,11297.743602
114.975084,288,11308.745295
137.283061,288,11319.408495
113.957747,288,11330.138109
122.90446,288,11340.893491
97.833169,288,11351.522963
154.873355,288,11362.225698
109.760187,288,11373.264356
136.638786,288,11383.993414
94.48506,288,11394.845362
144.947789,288,11406.011083
103.702756,288,11416.975096
160.530896,288,11431.830233
69.125431,288,11442.694798
85.033223,288,11453.574831
124.278205,288,11464.628032
65.636759,288,11475.635963
111.524473,288,11486.685346
159.11591,288,11497.800314
88.815093,288,11508.928703
221.223041,288,11521.673827
143.057453,288,11532.619363
54.097125,288,11543.4983
113.90751,288,11554.673965
90.234745,288,11565.73237
105.513463,288,11576.960474
148.194788,288,11588.443466
192.137775,288,11599.395601
103.382475,288,11610.479833
171.851591,288,11625.227234
154.471138,288,11636.059092
162.603248,288,11647.044491
69.817254,288,11657.933724
170.395269,288,11668.615157
170.458911,288,11679.360494
192.452428,288,11690.062938
89.575304,288,11700.857593
74.96961,288,11711.545443
154.065222,288,11722.072269
86.774537,288,11732.730479
126.207424,288,11743.662295
184.13961,288,11754.444055
187.164545,288,11765.158029
21.887847,288,11775.774206
81.938848,288,11786.344774
98.008106,288,11796.947737
22.942189,288,11807.485081
191.215856,288,11821.941503
138.398944,288,11832.539035
87.170086,288,11843.030523
132.837602,288,11853.463323
130.90591,288,11864.105489
150.399348,288,11874.677184
93.432831,288,11885.252005
151.007275,288,11895.751197
136.181294,288,11906.239705
169.611993,288,11917.105628
111.868439,288,11927.290146
151.320468,288,11937.865279
112.978993,288,11948.385376
180.332201,288,11959.021988
113.387474,288,11969.717052
69.359433,288,11980.478953
88.209057,288,11991.107867
68.965307,288,12005.7224
106.164539,288,12016.499518
102.905003,288,12027.262058
103.603446,288,12037.959118
90.434445,288,12048.628236
159.086496,288,12059.246725
116.566846,288,12069.801384
90.536821,288,12080.359249
114.572448,288,12090.972446
156.800038,288,12101.491417
94.455751,288,12112.039179
143.145555,288,12123.766102
63.575638,288,12134.417597
112.816904,288,12145.171788
144.492176,288,12155.891878
108.943711,288,12166.586263
144.762526,288,12177.361233
174.454745,288,12188.130402
58.263048,288,12202.965273
118.833381,288,12214.025261
103.734338,288,12224.978267
190.35475,288,12235.979808
65.533053,288,12247.059633
125.716177,288,12258.101718
117.909756,288,12269.051499
168.033956,288,12279.947861
123.127834,288,12290.770462
128.120855,288,12301.453595
142.21406,288,12312.260628
155.340581,288,12322.581342
192.044981,288,12333.273623
129.264731,288,12343.890919
104.638036,288,12354.567314
98.433401,288,12365.203223
147.967387,288,12375.884926
116.431846,288,12390.296836
42.388943,288,12400.779577
119.725977,288,12411.311314
68.191893,288,12422.095623
116.872342,288,12432.770964
153.297457,288,12443.326854
92.532301,288,12454.364808
151.135238,288,12465.039165
96.280275,288,12475.782801
56.901231,288,12486.881741
127.844879,288,12497.536688
124.029031,288,12508.240275
52.640913,288,12519.38886
181.507916,288,12530.160139
113.226945,288,12541.105489
138.605996,288,12551.914823
130.658429,288,12562.747876
140.973248,288,12577.346445
169.052201,288,12588.133008
100.486921,288,12599.105757
49.133682,288,12609.88325
99.859247,288,12620.587078
108.873811,288,12631.164211
183.160124,288,12641.718618
106.845788,288,12652.366635
86.406694,288,12663.035479
86.223273,288,12673.567772
103.081445,288,12684.122026
83.218349,288,12694.703129
123.167297,288,12704.75783
144.362352,288,12716.689111
110.941909,288,12727.535238
83.352333,288,12738.208069
117.362311,288,12748.952723
167.107168,288,12759.599029
125.629136,288,12774.207541
55.474857,288,12785.001325
190.217235,288,12795.680431
120.817879,288,12806.35546
46.208997,288,12817.143626
103.839893,288,12827.847801
118.610178,288,12838.552906
136.078738,288,12849.207333
126.082575,288,12859.926441
101.145519,288,12870.709114
134.897443,288,12881.494668
128.235285,288,12892.278866
221.951157,288,12903.157789
67.976133,288,12914.043653
131.087592,288,12924.974452
103.297081,288,12936.006908
155.240335,288,12946.993249
51.970618,288,12962.207768
38.798423,288,12973.267401
165.958408,288,12984.394933
188.376278,288,12995.605596
90.184331,288,13006.732938
79.992309,288,13017.877133
132.48836,288,13028.930524
122.169847,288,13039.851386
111.468443,288,13050.818702
123.897442,288,13061.72527
213.102193,288,13072.697705
124.709526,288,13083.794667
88.945846,288,13094.76412
178.425157,288,13105.251497
94.975844,288,13116.831212
90.826026,288,13127.996519
133.33297,288,13139.092303
59.941738,288,13154.133251
74.152004,288,13165.266514
147.031441,288,13176.185034
46.021363,288,13187.168345
142.645937,288,13198.158019
159.353477,288,13208.983574
81.739313,288,13219.752247
102.578069,288,13230.567885
122.809401,288,13241.284445
186.675956,288,13251.984139
160.123779,288,13262.657732
97.950039,288,13273.323472
76.913668,288,13283.984758
52.147745,288,13294.657612
46.272282,288,13305.388247
97.569756,288,13317.281705
176.50832,288,13328.379829
111.679936,288,13339.033354
106.869397,288,13353.399257
140.977808,288,13363.92073
94.441503,288,13374.482067
132.569323,288,13385.118342
186.863682,288,13396.188869
115.656916,288,13406.756229
82.319684,288,13417.316485
67.464324,288,13427.91743
87.278032,288,13438.496214
171.963575,288,13449.150594
71.359345,288,13459.773299
102.15444,288,13470.346626
182.203097,288,13480.96138
115.399555,288,13491.097665
196.542363,288,13501.842243
122.660208,288,13512.455796
177.69838,288,13523.047293
108.665993,288,13537.452734
117.966698,288,13549.127139
82.581127,288,13560.989385
114.664262,288,13571.825576
108.651361,288,13582.777623
74.50017,288,13593.61809
113.474354,288,13604.389668
138.709867,288,13615.230133
108.786777,288,13625.997305
135.66035,288,13636.795697
156.265951,288,13647.624874
95.504128,288,13658.469342
78.932129,288,13669.507644
115.438729,288,13680.478744
120.207916,288,13691.428941
161.367431,288,13702.752715
108.551767,288,13713.881337
156.530828,288,13729.237351
107.219369,288,13740.420954
68.631588,288,13751.618141
64.260546,288,13762.817144
162.644301,288,13774.073704
85.503642,288,13785.364468
109.222769,288,13796.669126
89.317193,288,13807.899809
35.911539,288,13819.388788
96.44749,288,13830.695731
119.730613,288,13841.844575
97.323234,288,13852.977265
108.057559,288,13864.084471
100.091796,288,13875.339837
104.595653,288,13886.278893
134.946796,288,13896.74159
126.710926,288,13907.725369
126.665645,288,13919.256805
143.300536,288,13934.302933
91.736932,288,13945.117828
148.324691,288,13955.870925
106.311582,288,13966.687838
124.920031,288,13977.510427
97.165899,288,13988.279828
120.369998,288,13998.996795
130.758268,288,14009.764702
83.657998,288,14020.960099
82.502893,288,14031.816905
60.065656,288,14042.707167
96.658685,288,14053.577703
122.219201,288,14064.470202
92.938744,288,14075.842108
85.1298,288,14086.580747
82.54785,288,14097.360582
114.741855,288,14108.116346
69.189545,288,14122.661201
120.777942,288,14133.374126
107.09566,288,14143.996817
115.979232,288,14154.56722
81.875447,288,14165.122218
87.599109,288,14175.698067
111.72327,288,14186.467881
56.462509,288,14197.054578
26.709321,288,14207.56457
111.03674,288,14218.648114
114.493383,288,14229.359918
90.551637,288,14240.055752
123.50062,288,14250.708673
96.955148,288,14261.382638
111.856988,288,14272.002187
117.332499,288,14282.672921
132.324401,288,14295.111687
156.394575,288,14310.970989
148.712594,288,14322.128287
90.447397,288,14332.982686
115.399434,288,14343.855843
186.395556,288,14354.771692
95.273641,288,14365.760115
126.652951,288,14376.728063
165.813926,288,14387.744919
76.870909,288,14398.742938
135.384347,288,14409.821209
200.980828,288,14421.180918
198.782057,288,14432.158156
78.911394,288,14443.086888
110.021006,288,14454.9219
113.136982,288,14465.969904
124.337874,288,14477.198643
73.593745,288,14488.139288
64.193055,288,14499.139592
87.086686,288,14514.830296
97.276553,288,14526.003819
159.916954,288,14537.154455
93.425817,288,14547.997104
138.90456,288,14559.224511
115.438026,288,14570.118088
91.270973,288,14581.095958
94.657051,288,14592.515655
111.402078,288,14603.785493
95.636407,288,14614.789573
92.20104,288,14626.19301
80.125459,288,14637.339787
71.611847,288,14648.805483
64.579381,288,14660.045979
172.974786,288,14671.241742
87.576787,288,14682.773351
152.940251,288,14694.018126
102.161319,288,14709.589762
140.073482,288,14720.857996
62.602585,288,14732.116013
119.748212,288,14743.359954
94.653663,288,14754.792139
163.098074,288,14766.337493
95.101228,288,14777.728813
174.575816,288,14789.112508
87.206253,288,14800.574973
183.05814,288,14811.805599
110.503961,288,14823.040647
117.105838,288,14834.447179
189.570535,288,14845.689548
102.239818,288,14856.96584
91.867809,288,14868.360622
128.433344,288,14879.822861
120.653594,288,14891.534618
133.474333,288,14902.963817
110.28236,288,14918.64773
88.411493,288,14930.300605
98.57348,288,14941.710972
149.042176,288,14953.279622
188.724103,288,14964.649932
110.84057,288,14975.938046
74.059744,288,14987.350563
100.88513,288,14998.690254
166.681029,288,15010.287182
69.441741,288,15021.691513
144.459448,288,15033.015116
137.534451,288,15044.379946
125.644136,288,15055.779041
136.196768,288,15067.486009
83.328245,288,15078.916814
109.998642,288,15090.298359
92.645837,288,15101.286194
92.570767,288,15118.660787
219.216529,288,15130.908779
183.273775,288,15142.584972
115.538407,288,15154.253441
118.553811,288,15165.798176
63.657387,288,15177.198116
68.354087,288,15188.875026
134.487375,288,15200.275367
145.648895,288,15211.667105
208.072166,288,15223.339808
200.021055,288,15234.890915
50.116721,288,15246.872717
130.879921,288,15258.407256
90.579066,288,15269.835392
107.75413,288,15281.169289
116.748863,288,15292.643012
100.238964,288,15304.110366
172.627454,288,15319.920274
59.351311,288,15331.364079
80.897495,288,15342.777376
134.221461,288,15354.330657
128.148522,288,15366.07026
90.007224,288,15377.470563
134.904124,288,15388.85731
108.463623,288,15400.212075
150.667359,288,15411.714382
133.732175,288,15423.203995
98.939343,288,15434.693205
98.043239,288,15446.076605
194.39411,288,15457.483343
130.497226,288,15468.984199
73.70547,288,15480.424004
129.15994,288,15491.965131
94.143096,288,15503.77879
167.277362,288,15515.226087
203.633578,288,15530.327235
189.118568,288,15541.755511
178.243271,288,15553.38597
132.726498,288,15564.779218
226.125104,288,15576.245088
99.755567,288,15587.815076
139.193717,288,15599.373445
176.314582,288,15611.150247
195.332018,288,15622.672174
117.369244,288,15634.10692
62.15406,288,15645.569414
90.797645,288,15657.475946
51.310793,288,15669.337195
90.33546,288,15680.949012
124.214788,288,15692.540734
87.09234,288,15704.100786
91.708027,288,15716.373757
50.617397,288,15732.623606
136.656565,288,15744.00144
122.189126,288,15755.55162
105.550917,288,15767.025584
134.461378,288,15778.689088
116.710502,288,15790.49101
71.943598,288,15802.000916
110.267292,288,15813.499437
70.733861,288,15825.083177
135.227017,288,15836.453503
127.688273,288,15848.094915
102.104241,288,15859.445399
108.813883,288,15870.808265
120.752528,288,15882.183556
137.033509,288,15893.596724
78.926093,288,15905.382157
185.652955,288,15916.882685
123.000034,288,15932.489158
136.933104,288,15943.484488
51.265139,288,15954.86975
50.933621,288,15966.328975
104.173301,288,15977.90262
73.478826,288,15989.291897
130.237118,288,16000.671705
118.348776,288,16012.078464
160.163885,288,16023.653805
85.720221,288,16035.561529
29.902781,288,16047.023667
101.459729,288,16058.697791
152.789633,288,16070.147708
143.547801,288,16081.906729
57.499035,288,16093.972415
41.970082,288,16105.318273
111.929803,288,16116.68316
133.09934,288,16128.338956
81.241664,288,16144.159034
26.19778,288,16155.931675
97.673564,288,16167.349263
178.637779,288,16178.755504
103.345246,288,16190.141045
144.82127,288,16201.56425
82.714655,288,16213.781276
191.369629,288,16225.245668
107.399674,288,16236.676198
98.611596,288,16248.160521
149.163404,288,16259.534002
38.817466,288,16271.241165
88.346355,288,16282.607146
119.569689,288,16294.012081
104.047515,288,16305.40144
138.780223,288,16317.614698
173.801132,288,16329.684331
132.592008,288,16345.562053
77.122448,288,16356.556159
122.872164,288,16368.174903
103.272258,288,16379.801158
118.042169,288,16391.78783
49.506871,288,16403.659709
152.632024,288,16415.237045
90.990687,288,16426.661225
125.526483,288,16438.070176
126.872559,288,16449.396759
103.337707,288,16460.822127
81.390151,288,16472.203603
120.448774,288,16483.574239
109.188984,288,16494.938802
106.467157,288,16506.635307
99.291906,288,16518.326222
103.594412,288,16529.739104
84.360245,288,16545.26414
116.467621,288,16556.662786
216.395415,288,16568.115089
108.64511,288,16579.603436
177.398061,288,16591.025799
89.216702,288,16602.393058
126.239935,288,16613.808515
106.516734,288,16625.261151
84.740197,288,16636.860284
121.350279,288,16648.568508
98.103245,288,16659.964695
61.924291,288,16671.389768
162.334152,288,16683.321668
100.983449,288,16695.205995
112.977629,288,16706.954614
200.001015,288,16718.303982
56.733487,288,16729.918176
184.564057,288,16741.318789
52.842805,288,16757.022664
183.404134,288,16768.363012
206.489883,288,16779.297868
94.754895,288,16790.440152
76.073761,288,16801.509116
157.107464,288,16812.909427
114.801257,288,16823.912277
84.877635,288,16834.821484
177.376176,288,16845.739617
98.061742,288,16856.64115
80.90986,288,16867.826075
153.36232,288,16878.62551
138.585875,288,16889.386041
123.976047,288,16900.129788
126.517993,288,16910.840882
83.687127,288,16923.449695
127.754965,288,16934.110965
79.254913,288,16949.087854
123.562418,288,16961.225428
151.029487,288,16972.701734
96.543247,288,16985.732195
78.824594,288,16998.444028
110.720542,288,17009.130235
94.108309,288,17019.780734
189.58032,288,17030.899963
111.588581,288,17042.144035
189.82978,288,17054.03578
190.69139,288,17064.955272
91.133335,288,17077.788137
110.536596,288,17089.885864
153.156154,288,17101.612079
138.475917,288,17113.704149
112.646373,288,17127.261505
120.489075,288,17138.492491
99.746033,288,17151.617852
119.19075,288,17167.602151
99.611851,288,17179.111776
158.694746,288,17189.350597
79.343297,288,17200.011257
94.910802,288,17210.650146
134.155131,288,17221.329323
80.709592,288,17232.133627
112.653299,288,17243.622129
75.541774,288,17255.910581
126.235151,288,17267.430731
106.375608,288,17278.762972
85.934546,288,17290.219863
90.042155,288,17301.550513
122.10114,288,17312.67535
107.342497,288,17323.737865
200.111822,288,17334.941701
98.51457,288,17346.150511
143.290452,288,17361.032617
119.608073,288,17371.907585
72.179324,288,17383.034021
114.00311,288,17395.606884
98.243105,288,17407.417797
117.101702,288,17418.281992
73.101243,288,17429.630704
153.305063,288,17440.515353
37.964764,288,17451.185464
96.148158,288,17461.992505
160.329119,288,17472.572045
112.44048,288,17483.213106
101.540282,288,17493.756988
206.018076,288,17504.216519
32.177865,288,17515.699978
118.987917,288,17526.777619
123.751715,288,17537.32462
107.895924,288,17551.886947
67.199231,288,17562.421799
128.009197,288,17573.141255
113.65521,288,17583.478445
36.544634,288,17593.933897
151.732676,288,17604.559079
118.530249,288,17615.08631
80.307081,288,17626.050639
111.300505,288,17637.251582
89.148887,288,17647.942682
110.890149,288,17658.572262
108.348178,288,17669.181754
177.310814,288,17679.867346
85.497843,288,17690.525638
117.199042,288,17701.166149
120.836454,288,17711.939894
97.617679,288,17722.641698
201.889346,288,17733.279241
80.19168,288,17747.968797
149.087311,288,17758.658135
99.938504,288,17769.630051
110.659942,288,17780.649808
175.6538,288,17791.226322
97.486721,288,17801.775958
90.111486,288,17812.450419
121.35119,288,17823.272197
68.366088,288,17834.003211
87.480511,288,17844.665086
111.153807,288,17855.335137
172.491316,288,17866.026581
98.712238,288,17876.713191
97.932404,288,17887.343976
135.946156,288,17897.984132
176.178287,288,17908.824922
113.564328,288,17919.552714
200.400033,288,17934.081709
42.035353,288,17944.813614
82.220105,288,17955.443676
189.431746,288,17966.146135
97.148417,288,17977.734178
63.526,288,17988.750599
156.285527,288,18000.474973
146.152914,288,18012.304774
126.700835,288,18026.05048
70.891229,288,18038.504474
92.617174,288,18051.558779
32.138662,288,18064.634385
110.896314,288,18077.16536
151.091784,288,18090.392557
99.505969,288,18103.451883
117.19196,288,18118.408668
130.448782,288,18131.375777
134.975196,288,18149.484447
117.724344,288,18161.392096
81.461121,288,18175.111104
93.382314,288,18187.457035
105.776942,288,18200.154321
140.52539,288,18213.05173
119.964395,288,18226.463733
124.703614,288,18240.343898
134.933853,288,18252.763106
193.463951,288,18266.694088
98.235943,288,18279.109849
219.072365,288,18291.441778
196.956499,288,18304.07549
63.049784,288,18317.725941
202.552914,288,18329.215531
136.832591,288,18340.41626
198.430127,288,18351.239232
108.916706,288,18362.024573
126.585185,288,18376.719516
79.042505,288,18387.584029
103.161684,288,18398.422328
120.256857,288,18409.62826
90.563725,288,18420.12324
102.575466,288,18431.100977
146.567432,288,18441.993465
98.662434,288,18452.841464
92.812557,288,18463.616379
124.103357,288,18474.730934
60.372999,288,18485.631979
101.630285,288,18496.397177
111.351136,288,18507.166306
101.501593,288,18517.933455
71.979644,288,18529.047842
114.776196,288,18540.155524
60.119133,288,18550.859798
94.619263,288,18566.305934
218.43574,288,18576.931215
66.266819,288,18588.125062
39.512287,288,18599.098285
95.400646,288,18609.962784
108.559512,288,18620.685228
79.886123,288,18631.632082
111.762915,288,18642.736106
73.880995,288,18653.43368
137.821141,288,18664.16029
158.963799,288,18674.930513
76.033026,288,18685.974879
92.787154,288,18697.063986
103.42413,288,18707.879893
113.522235,288,18720.026575
91.235206,288,18731.302408
93.007146,288,18742.274429
144.071444,288,18757.185642
112.424357,288,18768.007556
199.098128,288,18778.787606
209.943795,288,18789.553448
114.686714,288,18800.271642
122.619497,288,18811.226717
91.636917,288,18821.719951
67.245754,288,18832.685549
150.455261,288,18843.538725
103.631293,288,18854.24116
140.960899,288,18865.044195
198.896404,288,18875.800117
100.771171,288,18886.612829
191.642307,288,18897.353254
143.391917,288,18908.324605
113.42504,288,18918.999177
142.198366,288,18929.891166
123.817309,288,18940.672351
98.231302,288,18955.312041
96.383846,288,18966.0043
156.824785,288,18976.97772
98.800849,288,18987.683504
111.287505,288,18998.321294
94.629105,288,19009.036153
143.497118,288,19020.1841
123.498126,288,19030.99134
149.953166,288,19041.855387
126.103891,288,19052.532106
92.704163,288,19063.153644
100.518889,288,19073.853301
79.416098,288,19084.72444
167.055942,288,19095.819826
104.852282,288,19106.491205
79.326593,288,19117.210174
63.924141,288,19127.893676
96.676638,288,19142.989902
112.706466,288,19153.762329
118.416367,288,19164.496133
107.036294,288,19175.33814
53.671991,288,19186.120401
90.738104,288,19197.03493
85.445772,288,19207.706371
110.930473,288,19218.593266
93.419391,288,19229.621744
200.207037,288,19240.400065
80.317025,288,19251.163175
112.622621,288,19262.090251
120.679698,288,19272.841269
134.14644,288,19283.660904
91.562471,288,19294.384319
89.946299,288,19305.16696
127.123519,288,19316.993189
107.184862,288,19328.032701
59.176033,288,19342.598028
97.282022,288,19353.493741
154.109744,288,19364.264472
133.995948,288,19375.26748
205.331541,288,19386.020654
76.913386,288,19396.748613
106.118915,288,19407.516362
99.698246,288,19418.242304
108.52572,288,19429.383979
133.902278,288,19440.280077
112.193306,288,19451.161643
120.717063,288,19462.027472
123.589729,288,19472.810859
188.87302,288,19483.839985
112.946027,288,19494.592951
97.461359,288,19505.311677
204.521058,288,19516.135043
98.270606,288,19530.740771
87.332274,288,19542.09831
118.814731,288,19552.851622
179.490358,288,19563.557281
169.67845,288,19574.297564
111.992284,288,19585.308189
178.083751,288,19595.635074
63.316137,288,19606.380065
116.44788,288,19617.289809
106.062168,288,19628.087695
127.281397,288,19638.771702
177.503402,288,19649.411752
81.048858,288,19660.651518
109.923387,288,19671.380495
62.852204,288,19682.204639
118.93144,288,19692.940313
97.940721,288,19703.682154
172.332043,288,19718.645602
108.832816,288,19729.366739
137.371783,288,19740.213279
59.105282,288,19750.994791
92.406406,288,19761.756577
132.91045,288,19772.556541
96.888309,288,19783.242669
83.10705,288,19793.990721
177.122001,288,19805.020652
126.271512,288,19816.096237
171.749997,288,19827.133013
150.608562,288,19837.980353
169.705093,288,19848.80785
120.883175,288,19859.571621
88.190568,288,19870.353332
176.059492,288,19881.300912
90.257538,288,19892.083303
119.980313,288,19902.806728
200.525888,288,19918.267029
88.697885,288,19929.324907
114.836401,288,19940.301536
160.543603,288,19951.073076
76.690102,288,19961.84529
153.662632,288,19972.618922
77.543071,288,19983.376573
114.340906,288,19994.06956
55.40143,288,20005.16641
102.137361,288,20015.81544
169.849585,288,20026.569031
112.505166,288,20037.577146
65.836201,288,20048.548642
124.305485,288,20059.241477
121.429398,288,20070.148471
141.117319,288,20080.877727
49.88308,288,20091.687305
118.455907,288,20106.692196
109.943789,288,20117.625794
73.229267,288,20128.817052
98.283407,288,20139.668638
195.008843,288,20150.546965
191.186975,288,20161.656832
55.23891,288,20172.54154
122.038937,288,20183.366184
100.018299,288,20194.609884
85.168038,288,20205.330657
213.630547,288,20216.349154
113.099248,288,20227.08585
99.675385,288,20237.788653
95.466359,288,20248.530182
102.940942,288,20259.261736
71.340814,288,20270.207884
81.681428,288,20281.067084
181.14908,288,20295.898238
134.087129,288,20306.687513
112.342969,288,20317.516937
230.874794,288,20328.643787
46.485161,288,20339.558021
82.726906,288,20350.394364
92.713694,288,20361.207861
194.267168,288,20372.074956
127.935096,288,20382.810265
171.786673,288,20393.918184
89.963578,288,20404.869053
103.580266,288,20415.855109
98.985374,288,20426.733557
176.911428,288,20437.693812
138.892304,288,20449.083119
197.99934,288,20459.853346
147.323479,288,20470.618196
127.908119,288,20481.31487
99.774361,288,20495.932249
61.771405,288,20506.890475
95.129458,288,20518.759642
54.580375,288,20529.925303
112.749825,288,20540.705873
82.761086,288,20551.508341
90.611415,288,20562.696993
98.506153,288,20573.37061
89.869117,288,20584.05964
155.218455,288,20594.793951
93.409913,288,20605.579348
171.74701,288,20616.506893
52.661091,288,20627.458372
134.959909,288,20638.140628
76.508922,288,20648.954284
90.942467,288,20659.708064
109.167074,288,20670.740648
175.70191,288,20685.552714
185.783857,288,20696.391851
111.723922,288,20707.315895
127.174158,288,20718.170164
130.650839,288,20729.331518
113.806417,288,20740.317951
119.667425,288,20753.754262
99.395281,288,20766.212866
95.921156,288,20777.324497
82.845404,288,20789.167186
119.729317,288,20800.413281
93.42732,288,20811.428688
175.351915,288,20822.529276
154.324958,288,20833.578264
86.662258,288,20844.57515
101.267457,288,20855.667107
124.521304,288,20866.586451
108.541665,288,20881.396399
181.600315,288,20892.248272
90.24081,288,20903.409114
140.262899,288,20914.188519
95.281133,288,20924.94288
101.298747,288,20935.99295
92.87548,288,20946.765005
202.554812,288,20957.510577
126.457176,288,20968.203024
107.766501,288,20978.846486
92.503899,288,20989.516402
128.480672,288,21000.168485
133.889539,288,21010.874143
195.784548,288,21021.682282
45.321854,288,21032.55202
120.871293,288,21043.509683
89.79745,288,21054.28363
100.750282,288,21064.997768
188.353087,288,21079.921181
93.548305,288,21090.579275
95.310701,288,21101.293005
92.525845,288,21111.992382
153.461123,288,21123.826663
129.962872,288,21134.680884
134.367734,288,21145.352186
151.992853,288,21156.052498
99.108728,288,21166.628008
109.51052,288,21177.217089
152.513085,288,21188.201255
108.177796,288,21198.931289
99.964368,288,21209.687292
44.717167,288,21220.474133
194.666356,288,21231.321564
100.847408,288,21242.615768
104.491012,288,21253.491842
125.913768,288,21268.42591
143.846979,288,21279.296625
165.860032,288,21290.225309
187.573812,288,21301.440868
118.144314,288,21312.457416
132.7716,288,21323.395757
98.42806,288,21334.300591
36.278622,288,21345.538505
74.661758,288,21356.63529
137.533716,288,21367.508021
103.331704,288,21378.295589
115.782683,288,21389.271621
122.195875,288,21400.164183
98.552881,288,21411.212341
83.609474,288,21422.466831
133.391532,288,21433.395377
123.366634,288,21444.378904
94.925767,288,21459.296777
104.000163,288,21470.481129
162.591108,288,21481.499693
120.143561,288,21492.470378
187.906368,288,21503.392205
91.488997,288,21514.26783
131.934004,288,21525.410947
126.593498,288,21536.260723
68.979056,288,21547.681118
218.868488,288,21558.438462
106.099397,288,21568.752863
112.25395,288,21579.457437
87.383943,288,21590.227886
141.795605,288,21601.032027
99.545238,288,21611.820189
95.952499,288,21622.525193
181.163724,288,21633.375976
118.440057,288,21645.551773
112.441759,288,21660.507452
102.909544,288,21671.570933
238.301668,288,21682.486127
97.275108,288,21693.460382
154.470493,288,21704.443656
105.320339,288,21716.341306
199.116768,288,21727.694764
50.791,288,21738.686836
132.949438,288,21749.63716
88.617935,288,21760.628838
83.439259,288,21771.693487
87.087452,288,21782.793874
38.524322,288,21793.999689
87.517288,288,21805.112609
84.383941,288,21816.404037
93.044079,288,21827.524919
93.023609,288,21838.886683
122.08035,288,21854.035267
104.853974,288,21865.003211
129.260499,288,21875.965501
155.296073,288,21886.953422
203.44344,288,21897.840261
96.088121,288,21908.66653
26.573528,288,21919.483804
130.906155,288,21930.274118
99.321062,288,21940.969572
59.782009,288,21951.66476
62.421759,288,21961.918525
97.746193,288,21972.674367
119.413049,288,21983.549634
136.766851,288,21994.225092
110.352133,288,22004.870003
92.575311,288,22015.713079
133.685859,288,22026.491386
141.949218,288,22037.42912
105.722243,288,22052.05395
95.941259,288,22062.818828
139.558617,288,22073.675034
148.538994,288,22084.499038
108.133655,288,22095.561054
94.289936,288,22106.440616
148.189766,288,22117.320009
174.65448,288,22128.252688
110.381486,288,22139.196646
119.398202,288,22150.317015
94.660059,288,22161.28011
112.322325,288,22172.242754
88.743634,288,22183.325657
42.359453,288,22194.504193
117.58678,288,22205.991882
58.294017,288,22217.041519
107.417954,288,22228.019002
94.165754,288,22243.123506
140.041376,288,22254.456767
144.705804,288,22265.588852
140.948727,288,22276.605284
83.634896,288,22287.498317
131.490599,288,22298.377627
99.889959,288,22309.314533
111.918503,288,22321.871912
108.8011,288,22333.39493
139.73422,288,22344.960974
110.516511,288,22355.948038
141.986264,288,22368.010911
112.789556,288,22380.862735
176.704557,288,22393.459728
88.403027,288,22404.272254
134.153002,288,22414.980704
157.352396,288,22425.721558
153.654496,288,22440.405096
104.950887,288,22451.244777
134.928562,288,22461.969535
96.258186,288,22472.70328
152.898017,288,22483.447972
125.205417,288,22494.281374
137.940725,288,22505.15229
98.634478,288,22515.991973
136.708165,288,22527.015454
139.503535,288,22537.677135
130.087577,288,22548.31998
187.831968,288,22559.147037
174.958577,288,22569.832101
150.331869,288,22580.493128
117.597907,288,22591.11976
95.783785,288,22601.815795
115.087967,288,22612.620332
93.746526,288,22623.360993
88.694906,288,22638.097994
166.952002,288,22648.847543
148.396828,288,22659.541857
159.82701,288,22670.250543
80.265623,288,22680.910597
101.398863,288,22691.528517
85.343122,288,22702.265349
65.290704,288,22713.052213
70.545011,288,22723.783299
154.484146,288,22734.506812
98.189519,288,22745.246696
101.672556,288,22755.45788
65.264835,288,22766.289061
74.644217,288,22777.173175
121.935643,288,22788.061311
105.138548,288,22798.94232
76.917922,288,22809.962495
88.600276,288,22824.929811
165.554636,288,22836.01948
166.394652,288,22847.071692
95.956654,288,22858.350024
147.122351,288,22869.477046
95.847725,288,22880.541727
94.644796,288,22891.693332
193.836643,288,22902.750495
57.858437,288,22914.555999
108.697822,288,22925.979351
182.373324,288,22936.920954
143.720323,288,22947.877127
147.748813,288,22958.793708
128.021759,288,22969.706124
105.357827,288,22980.586809
94.424418,288,22991.48459
97.257363,288,23002.406365
185.290049,288,23017.112346
96.482318,288,23027.830869
108.762474,288,23038.515165
85.546497,288,23049.322593
90.494297,288,23060.036016
147.415304,288,23070.783698
137.59998,288,23081.559884
94.83979,288,23092.280204
104.976396,288,23103.052238
110.653939,288,23114.001005
177.678833,288,23124.811506
109.878233,288,23135.669069
28.586541,288,23145.91718
186.793996,288,23157.129072
120.927695,288,23167.927872
84.448936,288,23178.671388
123.780528,288,23189.406924
71.911717,288,23200.038887
141.725479,288,23214.548445
226.331169,288,23225.264322
196.350597,288,23236.055513
195.966108,288,23246.625271
114.242703,288,23257.541845
97.559123,288,23268.230779
209.134193,288,23278.926066
129.450844,288,23289.605128
93.413498,288,23300.213075
111.540261,288,23310.861933
207.104212,288,23321.576685
116.502754,288,23332.348878
120.157769,288,23343.198603
109.580296,288,23353.962407
56.507104,288,23364.636768
67.357398,288,23375.379026
154.668228,288,23386.097366
128.693177,288,23400.767937
153.173591,288,23411.692205
144.15872,288,23423.121417
115.754604,288,23433.937108
109.765894,288,23444.765803
77.417039,288,23455.568921
95.601334,288,23466.287588
165.073982,288,23477.04044
68.525059,288,23487.810513
128.019355,288,23498.475718
102.225067,288,23509.632167
203.484902,288,23521.379658
119.905569,288,23531.984916
106.034246,288,23542.575239
108.821516,288,23553.573981
96.269687,288,23564.609639
118.313552,288,23575.521685
93.014619,288,23590.391488
73.227417,288,23601.499587
82.925774,288,23612.288088
139.714685,288,23623.186259
85.066299,288,23633.973737
144.318641,288,23644.774674
106.749199,288,23655.542332
97.620747,288,23666.241534
206.319805,288,23676.928281
53.631553,288,23687.695571
25.519671,288,23698.427859
104.139778,288,23709.086152
67.48604,288,23719.809904
151.181772,288,23730.537842
75.215124,288,23741.181664
167.156006,288,23751.897023
151.845519,288,23762.58585
110.791133,288,23773.25295
175.110139,288,23787.807562
86.945275,288,23798.561627
67.04377,288,23809.487936
132.725549,288,23820.276381
137.561549,288,23831.040279
95.210895,288,23841.763581
83.847616,288,23852.473793
47.498166,288,23863.245139
160.74029,288,23873.996328
106.309802,288,23884.671057
24.377461,288,23895.361884
88.268376,288,23906.134711
80.26175,288,23916.892333
180.298592,288,23927.055616
110.456314,288,23937.81594
99.368349,288,23948.551896
49.979813,288,23959.359321
87.117949,288,23974.075463
178.280949,288,23985.002564
145.758865,288,23995.917374
126.1295,288,24006.748792
111.381818,288,24017.660208
102.068903,288,24028.477821
97.677594,288,24039.320558
89.06634,288,24050.786452
114.941018,288,24062.356133
142.128625,288,24073.320464
99.981407,288,24084.126075
160.348886,288,24094.910013
88.02204,288,24105.755382
81.004651,288,24117.723375
117.496319,288,24129.036992
111.326865,288,24139.953016
57.868491,288,24150.885342
167.369072,288,24161.818901
106.705508,288,24176.697054
88.594064,288,24187.505798
111.746639,288,24198.411721
93.910546,288,24209.211671
156.350674,288,24219.940412
173.57008,288,24230.690919
96.284613,288,24241.42032
117.786052,288,24252.114312
90.480209,288,24262.788444
179.704612,288,24273.454368
122.296015,288,24284.185028
169.311983,288,24294.923868
125.899174,288,24305.729753
115.680689,288,24315.915918
87.718648,288,24326.637909
153.217863,288,24337.467121
84.346575,288,24351.408573
73.115592,288,24367.773901
47.846537,288,24378.637526
78.624429,288,24389.475189
105.602321,288,24400.152531
106.179983,288,24410.84497
142.87219,288,24421.646321
159.867298,288,24432.386315
54.084147,288,24443.155276
158.578867,288,24453.932141
118.801886,288,24464.616549
145.676619,288,24475.356194
87.965595,288,24486.484923
96.455853,288,24497.649472
82.757311,288,24508.377799
201.56032,288,24519.05345
183.239573,288,24529.765532
132.184028,288,24540.464165
131.417011,288,24555.112741
171.91449,288,24565.951727
74.260075,288,24576.795394
63.287804,288,24587.575173
107.825426,288,24598.356913
150.911694,288,24609.75874
97.86138,288,24620.641303
87.358145,288,24631.418463
120.887138,288,24642.261214
104.365664,288,24653.075721
103.766945,288,24663.902699
100.340926,288,24674.723357
94.758119,288,24685.443594
116.844299,288,24696.261169
112.992628,288,24706.64548
89.630203,288,24717.857182
148.650955,288,24729.009247
144.75981,288,24739.616124
121.588672,288,24754.149137
154.651625,288,24764.903317
148.361244,288,24775.666786
223.757893,288,24786.458226
162.434974,288,24797.31632
135.111479,288,24808.120051
110.25615,288,24818.802571
101.799815,288,24829.536158
112.726047,288,24840.231365
91.250813,288,24850.870152
133.595578,288,24861.58231
71.505189,288,24872.273261
130.8301,288,24882.941797
161.059909,288,24893.700169
116.4377,288,24904.830796
118.698317,288,24915.577093
174.721765,288,24926.309824
122.705245,288,24940.925661
132.367394,288,24951.630883
61.09765,288,24962.720506
89.248922,288,24973.478404
108.628262,288,24984.226203
189.48698,288,24994.917722
125.495466,288,25005.626551
106.030361,288,25016.532225
88.790983,288,25027.391881
100.024949,288,25038.09092
172.020011,288,25048.786672
105.939319,288,25059.629582
55.412723,288,25070.503145
111.369944,288,25081.297044
124.611873,288,25092.088876
89.02646,288,25102.423841
79.302429,288,25113.289925
99.258214,288,25128.044971
121.822243,288,25138.918968
56.197994,288,25149.718923
107.177823,288,25160.503809
221.045141,288,25171.243544
120.281784,288,25181.95386
89.632589,288,25192.759576
54.454156,288,25203.630512
93.448809,288,25214.574243
62.5789,288,25225.487404
190.731012,288,25236.443119
89.518062,288,25247.402268
210.698099,288,25258.227005
89.292751,288,25269.026515
89.077263,288,25279.756253
64.343299,288,25290.461867
108.095283,288,25301.169955
83.575132,288,25311.847355
92.568236,288,25327.40943
35.61473,288,25338.229406
114.712656,288,25349.094498
117.025689,288,25359.905646
122.699153,288,25370.671991
108.131523,288,25381.33536
162.274545,288,25391.986841
100.108203,288,25402.713394
187.077759,288,25413.446302
120.210384,288,25424.154279
97.374492,288,25434.900263
210.932402,288,25445.644013
97.250846,288,25456.406932
152.194847,288,25467.376055
127.088309,288,25478.142771
137.214412,288,25488.375743
75.510847,288,25499.149847
149.158551,288,25513.76276
125.505067,288,25524.465879
108.63909,288,25535.175376
143.567822,288,25545.973687
135.213961,288,25556.811572
130.487121,288,25567.696169
45.096678,288,25578.453816
112.562793,288,25589.335623
111.232527,288,25600.06983
119.458904,288,25610.818073
136.962522,288,25621.611106
147.633849,288,25632.304088
198.411487,288,25643.080829
129.43978,288,25653.850687
104.983592,288,25664.553863
172.176233,288,25675.332847
133.282393,288,25686.148381
117.370163,288,25700.8732
71.655173,288,25711.61628
102.265122,288,25722.36096
173.428129,288,25733.12513
192.361127,288,25744.069853
101.896127,288,25754.832386
116.315568,288,25765.597571
155.116829,288,25776.427104
98.118826,288,25787.131853
79.77636,288,25797.866834
102.880869,288,25808.636384
91.565826,288,25819.385307
97.288099,288,25830.230739
32.298316,288,25841.079773
74.903535,288,25851.813515
58.524831,288,25862.969411
119.168717,288,25873.146527
79.585874,288,25883.811142
98.361355,288,25898.444045
92.917672,288,25909.280468
139.753416,288,25921.411857
189.76879,288,25932.40667
196.212391,288,25943.528034
122.316193,288,25954.56689
117.549117,288,25965.256543
141.880504,288,25976.510868
188.308552,288,25987.356856
83.629208,288,25998.217143
96.780892,288,26009.024351
165.100887,288,26019.859777
102.75274,288,26031.114195
163.260164,288,26042.837539
108.552234,288,26053.749923
109.141827,288,26064.992528
103.94492,288,26075.906243
73.98046,288,26090.75106
106.309248,288,26101.667011
140.030749,288,26112.562727
108.527219,288,26123.520344
114.022495,288,26134.412764
52.25791,288,26145.229551
107.296002,288,26156.083413
81.571441,288,26166.937595
219.855397,288,26177.76958
62.753436,288,26188.676578
68.75722,288,26199.473246
123.37276,288,26210.294396
207.124747,288,26221.153068
85.323104,288,26231.877624
135.842104,288,26242.63787
109.139785,288,26253.359422
110.421543,288,26263.621567
210.707571,288,26274.266921
189.548166,288,26288.914511
102.770372,288,26299.679482
197.190149,288,26310.421678
86.427691,288,26321.208223
111.8096,288,26331.98655
54.838678,288,26342.896773
60.079013,288,26353.614279
137.103578,288,26364.328092
67.787781,288,26374.991338
98.810288,288,26385.609018
116.34322,288,26396.332636
120.340656,288,26407.070093
119.88059,288,26417.812564
117.031751,288,26428.55666
167.073328,288,26439.24528
168.91387,288,26450.272485
105.179198,288,26460.99627
73.795785,288,26475.480098
92.913371,288,26486.1297
160.92433,288,26496.780666
137.675635,288,26507.455317
187.127794,288,26518.845204
49.569291,288,26529.839503
85.798268,288,26540.544939
127.45296,288,26551.320464
113.41255,288,26561.971412
143.312927,288,26572.754917
122.729241,288,26583.4224
100.726884,288,26594.155773
201.498282,288,26604.869274
73.495904,288,26615.512047
125.397956,288,26626.173481
91.175053,288,26637.029537
154.068519,288,26647.968518
89.865227,288,26662.298195
64.178356,288,26673.137859
99.240581,288,26683.891662
136.745643,288,26694.802534
121.97642,288,26706.051961
106.276805,288,26716.961108
92.456186,288,26727.977572
154.271037,288,26738.911204
107.341706,288,26749.859655
105.305395,288,26760.836235
95.558212,288,26772.163586
41.32835,288,26782.977122
108.211289,288,26793.847818
94.938133,288,26804.763726
161.450378,288,26815.817235
146.122649,288,26826.719295
166.963244,288,26837.659197
88.096912,288,26848.459791
120.213694,288,26863.444144
124.034204,288,26874.174272
94.516104,288,26884.878785
111.711259,288,26895.704499
98.896322,288,26906.389955
109.464511,288,26917.169954
178.793086,288,26928.002858
123.460929,288,26938.720185
126.46087,288,26949.859092
84.058295,288,26960.533686
170.047144,288,26971.348433
113.953423,288,26982.07453
110.700514,288,26992.858052
92.814328,288,27003.825215
112.901378,288,27014.614395
228.173497,288,27025.336677
124.59856,288,27036.073493
97.567775,288,27050.139136
60.135776,288,27060.866692
141.610063,288,27071.540756
132.036596,288,27082.31279
116.829475,288,27092.928765
108.406441,288,27103.585783
103.885979,288,27114.91218
115.877748,288,27125.917335
206.177447,288,27136.68369
126.476805,288,27147.754975
136.521736,288,27158.433945
166.509883,288,27169.071972
89.258124,288,27179.72435
53.11318,288,27190.414415
93.175538,288,27201.133301
80.512748,288,27211.864836
122.537362,288,27222.484216
54.303644,288,27237.063071
95.092792,288,27247.748761
93.605935,288,27258.484231
126.470118,288,27269.199902
91.472131,288,27279.92249
153.486196,288,27290.657933
48.214395,288,27301.332009
194.852682,288,27311.978003
108.384566,288,27322.672104
196.085082,288,27333.365294
103.753856,288,27344.016161
118.694048,288,27354.776866
42.591291,288,27365.528078
102.034972,288,27376.434822
184.454333,288,27387.193205
94.704197,288,27398.022193
78.620756,288,27408.890877
108.184728,288,27419.750757
110.241229,288,27434.293563
70.982829,288,27445.171882
130.774638,288,27455.929086
197.028422,288,27466.657405
74.097909,288,27477.355465
123.400524,288,27488.072034
103.828629,288,27498.797021
75.896531,288,27509.463908
91.651109,288,27520.148604
173.058375,288,27530.830006
121.51431,288,27541.675478
151.989572,288,27552.562907
88.788101,288,27563.360483
97.543673,288,27574.154133
164.871282,288,27585.047027
99.146692,288,27595.924703
171.539485,288,27606.79791
81.699357,288,27621.478003
161.013341,288,27632.298953
171.187707,288,27643.175828
129.407656,288,27653.974612
195.821014,288,27664.735891
108.771126,288,27675.735814
141.47734,288,27686.406265
74.915394,288,27697.13526
100.918091,288,27707.94009
78.410193,288,27719.843436
69.253224,288,27730.820262
58.013907,288,27741.567533
95.498694,288,27752.539867
144.366303,288,27763.264739
120.087234,288,27773.960283
138.040193,288,27784.606462
109.242924,288,27795.344541
109.752831,288,27809.689515
118.36501,288,27820.189909
122.051971,288,27830.989731
154.55951,288,27841.79282
96.437322,288,27852.714426
165.585889,288,27863.271311
123.312164,288,27873.966007
198.858975,288,27884.691607
85.299156,288,27895.428201
113.861527,288,27906.22646
93.85949,288,27916.939749
100.422217,288,27927.714369
108.967365,288,27938.41786
172.273703,288,27950.409276
107.353896,288,27962.379671
86.171387,288,27973.125157
81.47946,288,27984.000517
86.56708,288,27994.772721
104.479975,288,28009.335427
133.266838,288,28020.02363
109.259633,288,28030.6807
149.216665,288,28041.405519
119.787641,288,28052.125119
88.919496,288,28062.830731
144.326935,288,28073.501495
103.655873,288,28084.192295
129.839953,288,28094.850922
100.574262,288,28105.604751
88.215532,288,28116.319436
110.491044,288,28126.919062
115.324009,288,28137.646505
196.160184,288,28148.64834
75.636506,288,28159.581443
114.804957,288,28170.300345
135.769231,288,28181.026991
151.68334,288,28195.551501
150.6129,288,28205.760144
175.704689,288,28216.515424
80.760135,288,28227.23401
140.050074,288,28237.949791
179.758406,288,28249.188533
107.638833,288,28259.932283
91.341538,288,28270.64856
146.080742,288,28281.393539
114.836467,288,28292.112146
137.133311,288,28302.866674
122.757443,288,28314.391055
95.423787,288,28325.576164
138.455171,288,28336.472928
122.404768,288,28347.348472
153.085025,288,28358.158886
87.955265,288,28368.976737
87.418058,288,28383.627642
156.829414,288,28394.51316
76.040022,288,28405.670388
120.52878,288,28416.461748
103.318093,288,28427.195779
98.311598,288,28438.021152
99.398227,288,28449.332622
83.11356,288,28460.09244
39.221702,288,28470.851232
85.898942,288,28481.58409
115.089032,288,28492.413387
107.880754,288,28503.404671
192.929206,288,28514.236662
124.767084,288,28525.095155
109.159494,288,28535.895252
24.766818,288,28546.703707
93.839656,288,28557.524684
94.310988,288,28568.257361
106.486665,288,28583.176222
133.587531,288,28593.432842
202.714895,288,28604.179865
55.801237,288,28615.062166
179.121757,288,28625.854189
146.975449,288,28636.616553
125.365645,288,28647.350951
129.36928,288,28658.13571
95.76291,288,28668.866198
179.329782,288,28679.65465
112.534026,288,28690.477787
72.055311,288,28701.20434
86.090087,288,28711.973129
93.18648,288,28722.86852
110.703217,288,28733.638254
96.545074,288,28744.503616
98.556987,288,28755.356992
125.481922,288,28769.931141
106.886007,288,28780.697056
109.109793,288,28791.492036
126.424972,288,28802.249541
149.163206,288,28813.106555
101.742329,288,28823.898738
145.974895,288,28834.652569
22.399524,288,28845.475264
122.082581,288,28856.221714
42.873314,288,28867.043721
126.893977,288,28877.688487
124.151969,288,28888.597843
148.624804,288,28899.517249
201.503452,288,28910.326829
87.761731,288,28922.097006
219.179798,288,28932.874189
98.584601,288,28943.619573
118.57812,288,28954.458738
121.676657,288,28969.207876
88.814497,288,28979.398038
117.909127,288,28990.105975
132.73363,288,29000.862734
191.226371,288,29011.59688
83.468375,288,29022.379863
113.475516,288,29033.134325
84.113182,288,29044.022684
169.572878,288,29055.125535
191.725592,288,29065.875247
115.969991,288,29076.522801
105.231542,288,29087.29287
77.630137,288,29098.10551
101.678325,288,29108.768553
155.884117,288,29119.470391
136.203695,288,29130.198339
154.960468,288,29140.933017
93.896299,288,29155.510794
92.808917,288,29166.293168
132.177133,288,29177.035503
107.953755,288,29187.75895
125.790949,288,29198.474012
113.067903,288,29209.292693
115.846154,288,29220.120807
149.038723,288,29230.888994
99.506556,288,29241.641442
109.056974,288,29252.350147
120.39307,288,29263.109602
123.822044,288,29273.867946
110.431185,288,29284.67232
116.337511,288,29295.533771
128.947499,288,29306.227865
94.841216,288,29317.05477
237.820517,288,29327.844152
107.244153,288,29342.438907
101.972908,288,29353.572672
109.663996,288,29363.777564
119.88999,288,29374.512087
159.765965,288,29385.534813
83.236567,288,29396.267425
187.542554,288,29407.009749
98.425615,288,29417.841112
52.800158,288,29428.596748
158.22885,288,29439.381696
59.576971,288,29450.175795
130.323191,288,29460.853509
126.75992,288,29471.630801
117.617912,288,29482.759209
110.746276,288,29493.476388
191.168489,288,29504.371651
95.858303,288,29516.345489
63.354171,288,29527.728145
75.266694,288,29542.786457
88.125946,288,29553.799834
129.566132,288,29564.653076
155.922372,288,29575.465334
78.81019,288,29586.174489
98.876209,288,29597.030379
115.784014,288,29607.776826
119.405311,288,29618.574017
104.3467,288,29629.504312
100.380327,288,29640.343317
86.167058,288,29651.26351
97.79383,288,29662.202432
177.316637,288,29672.878151
121.283525,288,29683.633189
124.004018,288,29694.422748
121.269352,288,29705.128535
59.288678,288,29715.859432
117.698967,288,29730.390845
139.388771,288,29741.085856
167.612507,288,29751.327885
95.440508,288,29762.135644
184.71379,288,29772.807175
95.462998,288,29783.598526
125.654495,288,29794.309877
77.827341,288,29805.018256
123.847727,288,29815.817092
99.427035,288,29826.51756
130.802737,288,29837.270139
96.883326,288,29848.030251
131.721471,288,29858.743175
42.279756,288,29869.623716
99.671091,288,29880.3592
98.585958,288,29891.048806
110.660915,288,29901.877474
114.093741,288,29916.622992
200.448691,288,29927.425217
101.083142,288,29938.195461
158.461993,288,29948.947978
100.123807,288,29959.972914
127.866876,288,29970.679302
237.598656,288,29981.419959
102.58654,288,29992.33954
98.584052,288,30003.153704
113.395929,288,30013.846791
106.761671,288,30024.493317
111.481161,288,30035.280611
214.940685,288,30046.266155
111.95072,288,30057.111615
136.700273,288,30067.803251
184.335289,288,30078.638717
159.92554,288,30089.390025
90.488212,288,30100.149756
134.497328,288,30115.444052
97.106359,288,30126.593141
138.544194,288,30136.867064
62.969265,288,30147.623483
87.369628,288,30158.265634
41.176153,288,30169.034391
197.347642,288,30179.814435
157.654847,288,30190.594624
94.106245,288,30201.52787
97.813247,288,30212.379101
129.920083,288,30223.103733
112.789703,288,30233.868819
65.482996,288,30244.680472
118.756531,288,30255.64731
193.161004,288,30266.408659
39.165136,288,30277.218796
88.448157,288,30288.018562
198.728987,288,30302.613
85.693183,288,30313.419017
220.153859,288,30324.142351
123.342617,288,30334.88712
124.261363,288,30345.669097
64.318654,288,30356.367735
99.636355,288,30367.36283
77.335831,288,30378.401891
81.277791,288,30389.232347
54.875161,288,30399.971453
86.605258,288,30410.729472
164.506926,288,30421.623886
90.371312,288,30432.587737
93.314199,288,30443.392877
87.967103,288,30454.262917
161.773928,288,30465.017113
130.033433,288,30475.925879
117.98384,288,30490.61854
88.361207,288,30501.327047
137.28454,288,30512.036371
126.634308,288,30522.217036
100.164064,288,30532.969498
63.667985,288,30543.741948
99.291108,288,30554.520707
135.540841,288,30565.667097
141.311406,288,30576.440808
98.899237,288,30587.23739
206.850825,288,30598.009091
104.267956,288,30608.860661
66.150118,288,30619.741693
157.322524,288,30630.49298
132.522145,288,30641.329079
113.106182,288,30652.202813
27.380147,288,30663.066717
109.047046,288,30673.837023
180.202886,288,30688.355997
106.988932,288,30699.091769
89.717739,288,30709.883778
95.979476,288,30721.491202
45.281125,288,30732.247988
61.706186,288,30743.076323
152.107034,288,30753.800711
166.260045,288,30764.582561
180.757046,288,30775.329188
96.860959,288,30786.09885
103.331262,288,30796.8499
92.971402,288,30807.638094
148.464436,288,30818.418292
172.215829,288,30829.172078
99.748052,288,30839.923051
144.31092,288,30850.85423
109.076927,288,30861.545933
143.939416,288,30876.12438
141.701267,288,30886.940825
64.362091,288,30897.739784
101.982299,288,30907.972076
156.462977,288,30918.738344
96.44548,288,30929.517788
88.292986,288,30940.217491
85.169984,288,30951.001713
124.72509,288,30961.7444
117.42021,288,30972.499037
189.669986,288,30983.304316
112.418107,288,30994.115135
149.987661,288,31004.828868
82.239914,288,31015.835256
120.944273,288,31026.635506
96.585244,288,31037.378109
209.599601,288,31048.208919
112.882129,288,31058.968232
134.541418,288,31073.504357
83.130906,288,31084.317631
126.286647,288,31095.200789
84.981263,288,31105.966551
183.016058,288,31116.75066
121.038593,288,31127.534304
132.635032,288,31138.329999
100.096461,288,31149.089065
119.730826,288,31159.978049
136.602265,288,31170.730297
116.36133,288,31181.427449
115.779944,288,31192.131133
120.839897,288,31202.864335
179.725149,288,31213.723089
46.278204,288,31224.485402
188.585915,288,31235.159555
136.895519,288,31245.936158
109.072934,288,31260.55751
182.757135,288,31271.292763
99.333653,288,31282.452403
128.808284,288,31292.669532
72.564776,288,31303.496265
98.808008,288,31315.308354
143.601885,288,31326.552002
156.193788,288,31337.37453
147.426478,288,31348.496234
112.031249,288,31359.377365
177.805999,288,31370.111526
150.146922,288,31380.879905
115.017128,288,31391.576766
142.697347,288,31402.345977
202.382431,288,31413.036979
68.893722,288,31423.767774
115.270211,288,31434.583168
124.007549,288,31449.236424
62.967859,288,31460.359308
207.046147,288,31471.250775
161.226034,288,31482.058358
115.546426,288,31492.817457
120.824826,288,31503.560573
110.290196,288,31514.334287
183.737528,288,31525.594295
98.069857,288,31536.424362
104.066972,288,31548.078997
175.755666,288,31560.145395
126.05105,288,31571.003887
102.112703,288,31581.934229
128.427942,288,31592.757216
112.362499,288,31603.559165
120.734283,288,31614.376395
131.52377,288,31625.120972
106.686306,288,31635.831366
155.163704,288,31650.476989
145.96878,288,31661.297985
111.976257,288,31672.188935
109.478872,288,31682.539889
114.911257,288,31693.302589
91.325126,288,31704.230141
95.455575,288,31715.174756
108.27446,288,31725.958107
63.400348,288,31736.78213
100.294834,288,31747.534341
78.983779,288,31758.265554
134.093496,288,31769.342606
109.135331,288,31780.23158
89.425706,288,31791.119899
152.319956,288,31802.071958
191.76495,288,31812.897594
127.626631,288,31823.641871
129.631516,288,31838.376051
142.118626,288,31849.231902
85.920848,288,31860.07869
113.732583,288,31870.919528
137.744146,288,31881.73024
107.873749,288,31892.583782
118.273197,288,31903.458053
143.763104,288,31914.907155
157.434904,288,31926.261534
110.575032,288,31937.13492
105.801856,288,31947.963706
97.051264,288,31958.824643
104.505014,288,31969.580577
88.803623,288,31980.799561
126.856572,288,31991.541593
191.143244,288,32002.385026
103.906968,288,32013.237318
125.429597,288,32027.868865
96.329239,288,32038.727309
132.466869,288,32049.515469
123.250009,288,32060.256551
181.542589,288,32070.624669
115.99075,288,32081.411277
146.399608,288,32092.22893
107.826187,288,32103.02985
140.792048,288,32113.851462
183.655797,288,32124.612437
49.467743,288,32135.332503
87.189264,288,32146.098737
182.171548,288,32156.908372
141.80089,288,32167.646229
133.019223,288,32178.421538
87.939244,288,32189.575283
105.312171,288,32200.339338
107.004779,288,32211.135414
141.485241,288,32225.902801
85.4752,288,32236.65304
138.900714,288,32247.474616
123.094763,288,32258.46827
55.317876,288,32269.29322
168.321459,288,32280.126523
106.671407,288,32290.78025
66.729742,288,32301.471634
128.129067,288,32312.19225
89.538337,288,32322.916552
98.179883,288,32333.954545
87.081399,288,32344.742663
160.845762,288,32355.545432
93.098549,288,32366.827106
105.593021,288,32377.569406
113.577342,288,32388.345744
187.388099,288,32399.126378
136.903108,288,32413.692608
108.925097,288,32424.395001
99.943581,288,32435.253834
117.907777,288,32446.044978
121.71754,288,32456.386653
91.75646,288,32467.168493
146.505751,288,32478.056528
49.5507,288,32488.81965
102.675983,288,32499.671413
100.417007,288,32510.509089
122.423899,288,32522.208112
97.463282,288,32532.999336
207.486109,288,32543.813634
128.176487,288,32554.539872
117.83131,288,32565.416903
97.606197,288,32576.256333
145.184136,288,32587.10658
122.927463,288,32601.896694
130.030484,288,32612.810626
74.938096,288,32623.635888
48.394209,288,32634.411013
185.025163,288,32645.187459
108.161362,288,32656.545164
108.488558,288,32668.568773
101.67527,288,32679.394599
108.229683,288,32690.192535
90.240863,288,32701.101701
105.598169,288,32712.400956
108.128341,288,32723.172871
79.21983,288,32733.994399
201.418655,288,32744.799298
134.8659,288,32755.619869
118.857159,288,32766.495329
146.089595,288,32777.266899
150.858708,288,32788.054217
67.758606,288,32802.724619
120.333848,288,32815.315331
119.858199,288,32828.290726
160.000966,288,32840.120007
75.005462,288,32850.617555
65.451479,288,32861.438396
42.267398,288,32872.445182
109.145169,288,32883.264251
85.445428,288,32894.087867
166.26237,288,32905.860364
203.542126,288,32916.712063
162.701227,288,32927.487857
102.769283,288,32938.511575
68.332534,288,32949.369628
80.390664,288,32960.374181
176.18393,288,32971.205088
104.134595,288,32982.005018
156.476802,288,32996.870632
131.443738,288,33008.149992
95.283893,288,33019.00265
130.408407,288,33029.828159
125.725863,288,33040.728154
87.141462,288,33051.577667
106.649024,288,33062.53028
169.533536,288,33073.592415
130.580876,288,33084.697937
109.734505,288,33095.952116
78.719676,288,33106.98877
149.22976,288,33119.253463
118.071694,288,33130.87366
165.038123,288,33141.78971
66.439773,288,33153.2143
162.263951,288,33164.112997
179.918184,288,33174.905926
106.486368,288,33185.873909
75.641226,288,33200.286837
123.328256,288,33211.095693
136.146845,288,33221.868056
162.67601,288,33232.815498
86.040356,288,33243.278785
79.625823,288,33254.165375
45.687682,288,33264.997499
117.865276,288,33275.980183
62.807539,288,33286.781357
93.554573,288,33297.743777
72.571027,288,33308.915856
102.252228,288,33319.882524
141.886552,288,33330.734654
112.077064,288,33341.432014
184.573812,288,33352.474749
77.368172,288,33363.374474
184.214155,288,33374.10609
186.877401,288,33388.856395
112.82613,288,33399.663488
93.212851,288,33410.612756
158.343614,288,33421.512537
146.660811,288,33432.406532
97.011586,288,33443.122705
82.557034,288,33453.962393
99.008283,288,33465.09328
128.837111,288,33475.927482
104.201145,288,33486.758514
104.562805,288,33497.70394
103.384119,288,33508.442271
122.547262,288,33519.340106
93.186692,288,33530.107215
81.410086,288,33540.935988
74.154703,288,33551.785776
154.276351,288,33562.746811
89.528733,288,33577.831674
53.149562,288,33588.758268
111.756252,288,33599.683948
111.613865,288,33610.878938
127.222225,288,33621.92007
90.883495,288,33632.462757
81.695087,288,33643.252944
94.610498,288,33654.209928
167.88257,288,33665.047603
90.114292,288,33675.85266
96.553609,288,33686.868988
129.749285,288,33697.753136
57.948509,288,33708.641061
99.480486,288,33720.294445
90.485358,288,33731.450862
146.689152,288,33742.5168
116.497379,288,33753.306458
99.976915,288,33764.137577
95.728465,288,33779.007329
146.206065,288,33789.963104
184.629541,288,33800.998489
118.492419,288,33811.877306
122.748869,288,33822.764429
137.490903,288,33833.676547
129.013635,288,33844.461544
79.437939,288,33855.503073
115.490126,288,33866.319762
146.609955,288,33877.110372
117.064206,288,33887.881765
127.779945,288,33898.779072
207.02043,288,33909.909879
129.738008,288,33920.777614
104.376877,288,33931.741205
157.264456,288,33942.560392
217.008449,288,33953.454707
138.205267,288,33968.737521
102.272981,288,33979.553972
196.03721,288,33990.535708
114.333266,288,34001.521301
185.259167,288,34012.352803
96.9013,288,34023.292503
153.321487,288,34034.367258
100.717131,288,34045.330487
96.510982,288,34056.453238
148.41646,288,34067.365334
71.487249,288,34078.364875
87.448318,288,34089.135412
104.643925,288,34099.939516
89.3665,288,34110.736733
108.009746,288,34121.67311
147.610573,288,34132.59972
149.741329,288,34143.381946
110.162149,288,34158.08834
126.033205,288,34168.849631
123.022909,288,34179.708924
102.194705,288,34190.780132
38.700969,288,34201.740134
137.388676,288,34212.932394
99.365266,288,34224.067906
108.081756,288,34235.031991
52.235301,288,34246.314958
112.459077,288,34257.159991
61.225267,288,34268.072334
187.236454,288,34278.985758
103.933331,288,34290.311674
82.067864,288,34301.384601
131.460688,288,34312.308557
183.563298,288,34324.164623
107.284264,288,34335.024488
134.499465,288,34345.955699
97.240029,288,34361.153068
88.160012,288,34372.117052
126.337524,288,34382.985481
106.975357,288,34393.920997
127.250112,288,34404.838727
65.467699,288,34415.493515
108.826432,288,34426.543515
103.259529,288,34437.545521
91.300836,288,34448.622034
129.363339,288,34459.629811
94.3341,288,34470.693684
127.261078,288,34481.728296
113.726604,288,34492.840023
136.497933,288,34504.210102
117.750712,288,34515.22286
78.913422,288,34526.159775
137.254853,288,34537.333972
104.506869,288,34552.158862
204.73613,288,34563.135574
58.018486,288,34574.164423
83.782383,288,34585.191494
111.97071,288,34596.023578
114.107612,288,34606.938677
107.178313,288,34617.785604
97.803694,288,34628.531868
110.03307,288,34639.332853
106.796523,288,34650.056043
107.195298,288,34660.858233
116.343397,288,34671.678367
103.157001,288,34682.39555
114.638643,288,34693.202239
106.69318,288,34704.138038
143.22544,288,34714.972557
109.049836,288,34725.736073
147.547527,288,34740.432989
88.060611,288,34751.394331
87.886936,288,34762.358837
119.900108,288,34773.242651
115.599245,288,34784.156229
121.326482,288,34794.916462
103.321926,288,34805.388028
105.131625,288,34816.38295
196.293597,288,34827.211837
107.380554,288,34838.071275
158.266567,288,34848.888481
118.022694,288,34859.778273
94.902761,288,34870.875072
220.743062,288,34881.731973
103.336717,288,34892.63548
137.606215,288,34903.827359
97.092477,288,34915.558832
108.061326,288,34927.145162
97.550814,288,34941.916691
124.241943,288,34952.88343
230.594652,288,34963.704867
144.50476,288,34974.624788
91.765675,288,34985.488523
75.881088,288,34996.300808
140.89621,288,35007.222152
92.4767,288,35018.049973
199.551387,288,35028.846967
82.029163,288,35039.682092
102.992172,288,35050.431034
115.020452,288,35061.262484
172.628273,288,35072.240278
116.292757,288,35082.983224
92.111052,288,35094.041339
99.020534,288,35104.969142
107.783794,288,35115.916725
124.267753,288,35130.656856
172.769397,288,35141.552576
176.540037,288,35153.957882
109.07905,288,35165.353065
128.879405,288,35176.355845
95.729861,288,35187.295988
88.256109,288,35197.728495
141.904549,288,35208.693165
111.712854,288,35219.498075
94.377113,288,35230.264154
97.831764,288,35241.13178
113.640253,288,35251.931858
127.143356,288,35262.907397
131.985334,288,35274.046278
189.140435,288,35284.886185
192.25785,288,35295.82856
177.241863,288,35306.629793
42.453031,288,35321.388224
46.46127,288,35332.264701
94.87665,288,35343.104846
95.543799,288,35353.908318
110.195223,288,35364.655957
204.713788,288,35375.890911
94.841762,288,35386.695829
112.134989,288,35397.579905
62.809052,288,35408.466409
53.557776,288,35419.432679
130.65835,288,35430.377768
104.372652,288,35441.255912
95.792027,288,35452.19625
129.329365,288,35463.37631
115.00943,288,35474.352846
205.982818,288,35485.428047
149.003373,288,35496.272197
84.889628,288,35507.192605
151.947871,288,35522.896132
210.687793,288,35533.767151
109.825253,288,35544.815617
163.333274,288,35555.809948
109.363155,288,35566.7991
128.220171,288,35577.759634
135.517334,288,35588.247069
103.761018,288,35599.281486
126.804201,288,35610.092165
159.898875,288,35620.965375
101.928518,288,35631.951867
127.60802,288,35642.786659
81.123924,288,35653.846777
198.39263,288,35664.773698
149.049253,288,35675.615595
144.407363,288,35686.413121
110.329389,288,35697.255337
95.018462,288,35711.93347
87.186749,288,35722.705198
111.449373,288,35733.503392
123.339398,288,35744.264899
124.677568,288,35755.093049
108.17307,288,35766.170382
156.400793,288,35776.973873
92.011666,288,35787.773701
157.19029,288,35798.950856
138.477685,288,35809.789862
102.462654,288,35820.993456
132.319639,288,35831.834028
182.572145,288,35842.63068
110.59867,288,35853.434908
134.040058,288,35864.202847
93.925838,288,35875.219355
128.992574,288,35886.03918
48.851007,288,35896.883971
70.778078,288,35911.65125
120.307629,288,35922.527292
154.081832,288,35933.572073
89.350618,288,35944.395187
100.304556,288,35955.232853
190.714747,288,35965.960788
96.881476,288,35976.459886
177.212852,288,35987.299712
86.86617,288,35998.103162
65.323031,288,36008.980111
204.529521,288,36019.825761
178.376045,288,36030.620976
106.007121,288,36041.428351
105.85881,288,36052.438112
123.425893,288,36063.326387
119.241807,288,36074.14957
73.025669,288,36085.015422
184.98938,288,36099.821063
84.919975,288,36110.635815
101.567452,288,36122.450396
76.436107,288,36133.396094
92.027767,288,36144.338435
103.608801,288,36155.196785
166.051615,288,36166.058984
77.351381,288,36177.032866
109.939244,288,36187.82641
126.641379,288,36198.741078
204.675001,288,36209.572363
105.848128,288,36220.371882
94.477493,288,36231.291624
104.439959,288,36242.138774
82.753783,288,36253.431163
105.362014,288,36264.218045
106.123043,288,36275.208636
104.242716,288,36290.039326
95.785797,288,36300.873575
148.844168,288,36311.721282
98.436992,288,36322.70201
99.102663,288,36333.684035
75.363068,288,36344.633235
89.060281,288,36355.414935
87.823535,288,36365.98987
74.730078,288,36376.908361
165.384505,288,36387.861516
83.830671,288,36398.708722
110.377413,288,36409.600073
145.899136,288,36420.531169
109.683592,288,36431.467509
99.641634,288,36442.592065
104.042719,288,36453.495242
109.705195,288,36464.43546
136.35173,288,36475.401418
117.411625,288,36490.392904
137.425415,288,36501.348824
120.412438,288,36512.188843
80.435565,288,36523.155239
18.678338,288,36534.115692
235.441745,288,36545.116961
101.077566,288,36556.346369
169.46773,288,36567.327961
114.53904,288,36578.266793
64.946139,288,36589.168853
133.520512,288,36599.994841
108.240862,288,36611.140538
60.739213,288,36622.05607
59.841772,288,36632.859627
95.136384,288,36643.762587
160.169498,288,36654.749811
124.432403,288,36665.76054
58.335954,288,36680.601774
93.019144,288,36691.53941
144.890693,288,36702.99214
166.589343,288,36715.278675
165.461545,288,36727.112403
124.492464,288,36738.491823
93.059189,288,36749.601674
116.981771,288,36760.54965
120.382787,288,36771.668748
108.648161,288,36785.976665
90.1141,288,36796.898545
71.059861,288,36807.752226
112.328534,288,36818.658639
151.664642,288,36829.920716
132.45531,288,36841.178958
101.616468,288,36852.146339
50.1706,288,36863.042789
81.769481,288,36877.907872
144.428535,288,36888.919114
111.324698,288,36900.075163
113.399939,288,36910.946678
138.690265,288,36921.997293
159.993261,288,36932.949355
118.77035,288,36943.858273
125.746309,288,36955.068987
124.548481,288,36966.051728
101.16786,288,36976.996351
40.783315,288,36987.93562
125.469115,288,36998.818984
116.431402,288,37009.822412
221.687053,288,37020.784304
108.928468,288,37031.840887
115.439908,288,37042.855515
210.846193,288,37053.739518
44.71039,288,37064.811149
136.455416,288,37079.690673
96.247126,288,37090.724686
165.236386,288,37101.648171
92.853916,288,37112.627732
116.32185,288,37123.742609
127.41637,288,37134.632876
112.998602,288,37145.412249
96.454165,288,37156.186189
89.826612,288,37167.230237
60.745027,288,37178.481474
151.027459,288,37189.3534
124.404258,288,37200.249439
117.251011,288,37211.254234
132.079582,288,37222.283221
58.856777,288,37233.732209
208.972272,288,37244.705841
107.563629,288,37255.601712
109.049127,288,37270.485799
75.067971,288,37281.36845
91.784507,288,37292.520856
99.463172,288,37303.443809
41.908077,288,37315.063446
138.915939,288,37326.276605
98.433019,288,37337.235283
140.118665,288,37348.269429
118.564621,288,37359.269786
161.495759,288,37370.412085
103.427446,288,37381.294665
122.270061,288,37392.263354
117.057664,288,37403.387371
111.923564,288,37414.287642
79.813857,288,37425.161117
145.764043,288,37436.081776
170.405298,288,37446.978802
106.370411,288,37461.841798
115.946512,288,37472.994722
60.031741,288,37483.944965
90.859009,288,37494.873029
148.143127,288,37505.788001
179.400123,288,37516.843618
128.281185,288,37527.70954
51.71874,288,37538.318762
146.54879,288,37549.108181
60.495612,288,37559.975164
113.860576,288,37570.796344
95.428507,288,37581.671754
95.110122,288,37592.573413
87.683145,288,37603.609091
87.357931,288,37615.000854
90.303699,288,37626.115234
125.938634,288,37637.312588
98.635821,288,37648.341917
104.109592,288,37663.591212
124.50493,288,37674.605238
156.88228,288,37685.736734
80.198276,288,37696.702497
121.108689,288,37707.678932
89.173955,288,37718.713764
181.707637,288,37729.787179
93.935696,288,37740.92759
129.92046,288,37752.058712
90.263237,288,37763.02726
38.421639,288,37774.285507
34.963913,288,37785.479043
110.9978,288,37796.54819
95.976629,288,37807.621866
127.912744,288,37818.752955
110.771875,288,37829.882699
126.816253,288,37840.945929
125.082492,288,37855.998128
122.562191,288,37867.038793
94.040728,288,37878.111536
52.388677,288,37889.173168
115.713755,288,37900.107156
116.617042,288,37911.10784
136.663708,288,37922.87117
46.965517,288,37933.407533
90.798789,288,37944.317975
93.957999,288,37955.205514
159.749261,288,37966.635311
80.755626,288,37977.699924
197.225396,288,37988.58993
129.080884,288,37999.569947
133.132352,288,38010.508852
88.127654,288,38021.39004
180.521351,288,38032.471498
99.427374,288,38043.381355
142.136504,288,38058.387826
141.529384,288,38069.385744
101.605074,288,38080.334003
101.214568,288,38091.457589
176.430033,288,38102.622691
54.759959,288,38113.69577
107.746123,288,38124.76218
115.634385,288,38135.869676
129.259465,288,38147.254034
124.488973,288,38158.479096
149.966279,288,38169.720521
183.391972,288,38180.972023
86.883985,288,38192.388017
155.188552,288,38203.972314
104.091504,288,38215.736063
60.491912,288,38227.220103
73.196851,288,38238.64332
84.98807,288,38254.299458
112.10234,288,38265.803432
97.238453,288,38277.222867
117.832885,288,38288.493008
49.952579,288,38299.913973
100.371587,288,38311.496096
103.57502,288,38323.069042
193.895243,288,38334.326484
107.175191,288,38345.503753
76.830975,288,38356.875078
155.314899,288,38368.239036
77.108424,288,38379.686448
66.37551,288,38390.931197
141.720473,288,38402.176273
107.437835,288,38413.399144
103.943387,288,38424.589078
103.506822,288,38436.031019
139.707485,288,38451.20066
177.681957,288,38462.403098
141.062607,288,38473.541767
103.547876,288,38484.773129
41.686951,288,38496.095841
100.26689,288,38507.525619
95.880088,288,38520.456128
84.89617,288,38532.14149
100.21455,288,38543.425514
71.392201,288,38554.824783
113.770982,288,38565.984898
103.178526,288,38577.189465
61.32407,288,38588.297718
165.354922,288,38599.561461
177.400838,288,38610.975483
110.850328,288,38622.380013
187.813161,288,38633.673458
92.440258,288,38644.920876
125.242047,288,38660.231492
63.722431,288,38671.571072
82.991505,288,38682.856057
130.003105,288,38694.123671
65.009132,288,38705.307375
60.182815,288,38716.576015
117.571301,288,38727.947245
92.243316,288,38739.057073
156.258365,288,38751.920097
123.917382,288,38764.342426
162.850821,288,38775.953593
120.388835,288,38787.623379
112.975357,288,38800.307497
114.429694,288,38811.955851
92.320874,288,38823.634875
164.595981,288,38835.078835
73.370629,288,38846.565538
111.096219,288,38862.083823
58.434824,288,38873.483385
190.379056,288,38884.941509
136.165363,288,38896.412465
99.404888,288,38908.014466
102.896839,288,38919.562345
105.418191,288,38931.124183
191.017898,288,38943.17062
95.860454,288,38955.873238
111.132527,288,38969.156068
128.023351,288,38982.846374
102.513814,288,38996.426402
201.542014,288,39008.320421
141.766366,288,39019.761857
78.716612,288,39031.49851
95.230254,288,39042.93099
141.734316,288,39054.276655
158.324235,288,39069.88569
102.655331,288,39081.303428
150.170926,288,39092.927098
94.736246,288,39104.471942
92.14719,288,39116.862047
100.06354,288,39128.746936
118.409047,288,39140.199517
224.467555,288,39151.847373
102.585181,288,39163.747339
96.958227,288,39175.013623
206.010698,288,39186.345354
111.907372,288,39197.791433
147.844429,288,39208.969499
54.50246,288,39220.462889
72.346854,288,39231.732329
148.871545,288,39242.956284
106.708816,288,39254.030397
145.260896,288,39265.045064
104.209719,288,39280.461937
123.847791,288,39291.549986
66.045326,288,39302.751647
58.971162,288,39314.09512
98.109889,288,39325.340398
102.448717,288,39336.621071
104.555398,288,39348.016935
106.491692,288,39359.227297
126.238876,288,39370.442385
169.673932,288,39381.77787
110.859433,288,39393.113026
71.711838,288,39404.551674
174.522148,288,39416.816264
129.511934,288,39428.362428
181.511432,288,39439.968732
102.803245,288,39451.440341
138.935908,288,39462.833892
187.635462,288,39478.406339
143.25858,288,39489.850216
100.763702,288,39501.542794
120.508428,288,39513.036891
157.411949,288,39524.602781
90.745542,288,39536.101923
99.64199,288,39547.532002
100.93881,288,39559.094709
45.34858,288,39570.267735
180.007883,288,39581.68016
138.403761,288,39593.207974
95.22641,288,39604.773762
142.052273,288,39616.318701
95.769345,288,39628.026987
147.26137,288,39639.523507
201.005351,288,39651.036625
128.89104,288,39662.476498
176.697548,288,39677.885972
174.090314,288,39689.378788
91.762246,288,39700.772636
110.297181,288,39712.215875
164.535375,288,39724.590575
86.626405,288,39735.914304
102.232538,288,39747.417969
145.742861,288,39758.811079
74.069727,288,39770.224995
110.541896,288,39781.551876
119.013047,288,39792.791989
98.427617,288,39804.217491
62.347626,288,39815.388924
106.678107,288,39826.615952
131.814374,288,39837.873427
79.455418,288,39849.06512
108.923965,288,39860.574504
38.250369,288,39871.901809
127.774845,288,39887.370719
83.85038,288,39898.711382
125.045087,288,39910.492545
57.116977,288,39922.015754
114.701487,288,39933.534439
130.198703,288,39944.951851
88.26151,288,39956.409521
187.708008,288,39967.948359
130.306385,288,39979.225086
48.446683,288,39990.479589
91.721768,288,40001.788773
160.70417,288,40013.296274
119.600038,288,40024.84013
95.006329,288,40036.380974
182.87644,288,40047.716189
47.936629,288,40059.161615
82.271754,288,40070.725191
38.403018,288,40086.49035
129.287183,288,40098.167904
176.452956,288,40109.657879
144.396955,288,40121.046737
85.342577,288,40132.45273
114.382902,288,40143.799174
107.164518,288,40155.186873
34.815215,288,40166.459265
117.549391,288,40178.256084
109.351544,288,40189.615495
91.444575,288,40200.848952
57.629311,288,40212.345515
91.793368,288,40223.560511
88.185015,288,40234.843197
111.722126,288,40246.217767
100.356397,288,40257.635694
86.303726,288,40269.143395
124.751707,288,40280.745415
97.01329,288,40296.392476
60.62173,288,40308.00583
110.981078,288,40321.554066
196.624577,288,40333.49172
127.706746,288,40345.07732
70.267378,288,40356.994211
98.079067,288,40368.681747
84.609919,288,40380.19547
84.47688,288,40391.502184
43.419214,288,40402.757601
142.707118,288,40414.073183
125.380791,288,40425.36332
119.222029,288,40436.63648
154.690132,288,40447.957343
160.848399,288,40459.279004
84.752052,288,40470.586343
28.583561,288,40481.84861
128.68835,288,40497.488606
151.069693,288,40509.097358
112.930386,288,40520.507069
67.708021,288,40532.018716
122.986335,288,40543.50468
98.516035,288,40554.941267
145.242261,288,40566.472772
64.289309,288,40577.939301
125.232858,288,40589.484777
83.978189,288,40600.908413
185.224791,288,40612.815835
121.551839,288,40624.559321
210.522531,288,40636.065219
102.500706,288,40647.575264
76.87975,288,40659.173707
91.669533,288,40670.925431
50.213264,288,40682.398863
91.325345,288,40698.048098
104.550094,288,40709.400884
88.668828,288,40720.936094
132.776725,288,40732.534457
83.891422,288,40744.325695
98.778117,288,40755.878244
100.386771,288,40767.395895
140.582113,288,40778.894103
100.15349,288,40790.437539
143.276071,288,40801.708734
118.485866,288,40813.279639
114.967777,288,40824.833701
149.570157,288,40836.263987
114.651706,288,40847.626215
115.720183,288,40859.022654
213.732201,288,40870.597471
113.065467,288,40882.008271
117.968061,288,40893.469049
98.679531,288,40908.923184
150.101002,288,40921.120785
93.247159,288,40932.465972
117.12108,288,40943.709453
15.57481,288,40954.956162
105.704971,288,40966.121776
94.977983,288,40977.309278
167.789595,288,40988.340804
90.968483,288,40999.427243
125.747176,288,41010.466909
78.202278,288,41021.508557
75.835014,288,41032.72179
126.81222,288,41044.09529
110.80672,288,41055.372142
205.937759,288,41066.711425
151.22305,288,41078.12644
156.599338,288,41089.551111
129.031222,288,41105.140706
144.708611,288,41116.632915
101.130337,288,41128.122698
182.895013,288,41139.595779
143.994498,288,41151.465678
141.46296,288,41163.200166
69.7113,288,41174.769186
102.543984,288,41186.432479
107.377278,288,41198.002887
112.123035,288,41209.230356
48.314523,288,41221.319717
140.813924,288,41233.043741
205.600768,288,41244.639701
112.903041,288,41257.897405
46.50563,288,41271.227977
87.007472,288,41284.887676
145.850833,288,41297.820686
120.210167,288,41315.996755
95.183598,288,41329.300952
114.425373,288,41342.204762
198.482552,288,41355.26917
73.608856,288,41368.506853
122.023616,288,41381.610989
109.357837,288,41394.833165
51.350753,288,41408.329591
165.527258,288,41421.516694
88.511481,288,41434.725086
140.883779,288,41451.86139
149.313616,288,41468.206981
98.696316,288,41491.517703
87.020183,288,41510.723382
94.93466,288,41525.478333
146.852783,288,41538.119948
166.440944,288,41550.767954
113.937739,288,41563.552156
141.60548,288,41580.701167
203.575961,288,41593.261826
124.051964,288,41605.727426
112.383185,288,41618.239456
81.027979,288,41630.684149
109.492401,288,41643.66379
144.258991,288,41656.259973
121.276612,288,41668.505771
104.521889,288,41680.189629
96.32687,288,41691.132819
181.038566,288,41702.516772
68.827516,288,41714.527636
107.773538,288,41725.998271
166.688024,288,41737.531118
93.361846,288,41749.082991
72.790402,288,41760.938919
105.839188,288,41772.661408
99.588894,288,41788.744205
103.618101,288,41800.355774
64.197884,288,41811.91797
89.141056,288,41823.680667
116.629849,288,41835.09241
132.187718,288,41846.553096
132.411428,288,41858.042185
231.101975,288,41869.509132
71.183524,288,41881.176679
108.081013,288,41892.736613
65.794775,288,41904.273659
73.464334,288,41915.678643
136.636065,288,41927.3131
70.850957,288,41939.096709
130.495693,288,41950.643991
171.179298,288,41962.199194
96.677752,288,41973.725743
93.530889,288,41989.497816
144.148205,288,42001.173753
96.410697,288,42013.114477
96.202844,288,42024.753016
144.857208,288,42036.351265
96.278683,288,42048.048465
114.808812,288,42059.927446
134.63851,288,42071.514545
99.603509,288,42082.962735
154.808827,288,42094.532268
131.255754,288,42105.516884
156.101191,288,42118.26981
154.8187,288,42130.752461
79.408127,288,42142.833628
152.903293,288,42154.495813
91.512311,288,42165.968204
83.963422,288,42177.6091
147.778732,288,42189.242199
174.326505,288,42204.919769
153.964954,288,42216.40061
108.060767,288,42227.864708
146.452192,288,42239.659451
115.662137,288,42251.0666
179.047681,288,42262.828142
99.921583,288,42274.444614
223.179264,288,42285.964885
105.793168,288,42297.730978
136.574259,288,42309.280339
96.902958,288,42320.93246
125.418418,288,42332.439469
90.525694,288,42343.921706
76.767293,288,42355.704628
90.094952,288,42368.841208
107.159492,288,42381.234966
112.277868,288,42392.679552
151.372333,288,42408.265027
210.46096,288,42420.017965
167.801111,288,42431.374112
143.929598,288,42442.808473
99.301514,288,42454.290751
78.122655,288,42465.816828
82.144401,288,42477.632943
119.26122,288,42489.213946
182.002983,288,42500.798616
64.393062,288,42512.488783
151.481425,288,42523.51276
178.168995,288,42535.138099
80.042876,288,42546.822901
65.449112,288,42558.551831
70.31269,288,42570.199088
95.688335,288,42581.815608
81.753014,288,42593.405867
136.126014,288,42609.209054
41.634156,288,42620.706311
130.968422,288,42632.191718
129.919734,288,42643.6626
33.524949,288,42655.432136
90.19349,288,42666.919918
177.292062,288,42678.325342
109.006816,288,42689.730504
100.355139,288,42701.176089
197.240055,288,42713.586733
98.544433,288,42725.720367
189.237155,288,42737.204791
91.252523,288,42748.619162
128.774773,288,42760.034678
126.050042,288,42771.437316
135.213174,288,42782.891704
86.42891,288,42794.399576
209.996625,288,42805.909521
112.920546,288,42821.57071
113.010637,288,42833.225759
190.292722,288,42844.758413
111.522309,288,42856.244296
86.681888,288,42867.562748
109.662017,288,42878.883169
107.693826,288,42890.471846
142.665936,288,42902.004067
173.46518,288,42913.470709
141.306969,288,42924.841457
101.325795,288,42935.80812
78.967071,288,42947.423257
106.596191,288,42959.22543
56.254759,288,42970.812735
169.571133,288,42982.411048
91.774838,288,42993.971392
137.005531,288,43005.41321
229.805454,288,43021.353385
31.384471,288,43033.217617
54.694447,288,43045.002335
106.589859,288,43056.56598
103.522117,288,43068.173654
102.879383,288,43079.834861
94.018806,288,43091.24419
146.28535,288,43102.70996
107.764106,288,43114.39621
112.584032,288,43125.779305
84.599271,288,43137.419832
150.508041,288,43148.773824
126.430335,288,43160.228321
107.953134,288,43171.695157
74.712931,288,43183.178775
68.858787,288,43194.821826
89.708143,288,43206.447521
164.147588,288,43217.941127
48.479532,288,43233.593688
211.361761,288,43245.284114
118.63183,288,43256.886331
107.856129,288,43268.416112
87.29105,288,43279.784956
101.983804,288,43291.023922
112.489593,288,43302.268188
100.132948,288,43314.248214
71.588168,288,43325.989752
103.892678,288,43337.469867
134.572193,288,43348.535659
113.279641,288,43360.006224
99.967109,288,43371.795154
107.656404,288,43383.336114
75.389205,288,43394.891266
170.720054,288,43406.52051
178.569009,288,43418.026824
91.056069,288,43433.765842
133.520651,288,43445.127304
121.934181,288,43456.568071
130.007121,288,43467.855947
114.013428,288,43479.122431
151.485219,288,43490.641185
166.518449,288,43501.923798
55.624149,288,43513.327786
67.886411,288,43524.66457
123.278097,288,43536.034934
223.05529,288,43547.527451
177.004659,288,43558.666765
97.946529,288,43569.881705
147.403777,288,43581.237359
104.581447,288,43592.512262
73.534996,288,43603.875494
105.146191,288,43615.127195
38.152854,288,43630.246455
97.402599,288,43641.449908
115.863232,288,43652.592064
109.264733,288,43664.021447
91.891968,288,43675.237419
117.84388,288,43686.589181
136.618458,288,43697.990231
89.917283,288,43709.400463
50.19776,288,43720.974935
88.530859,288,43732.518653
47.933733,288,43744.100956
205.806728,288,43755.411189
227.474616,288,43766.961709
100.857441,288,43778.640924
97.314808,288,43790.237782
112.275385,288,43801.723807
120.75398,288,43813.451687
155.338385,288,43824.953965
102.729654,288,43840.897063
94.116475,288,43852.488443
120.715219,288,43864.096056
172.705625,288,43875.698427
86.077388,288,43887.193193
182.95852,288,43898.887771
216.341366,288,43910.501387
178.845689,288,43923.674924
71.273391,288,43935.850075
99.147775,288,43947.374071
97.920985,288,43959.457761
133.846009,288,43970.895005
99.816197,288,43982.272796
45.184392,288,43993.711792
136.711118,288,44005.010133
108.021746,288,44016.542946
76.114002,288,44027.999651
115.642953,288,44044.08005
75.241988,288,44055.691078
94.784465,288,44067.141991
50.034825,288,44078.667435
60.528949,288,44090.471362
105.272991,288,44102.135194
124.136381,288,44113.773177
124.521917,288,44125.248119
212.52422,288,44136.984861
205.737807,288,44148.617162
92.79215,288,44160.432715
151.952109,288,44171.679175
111.641442,288,44182.959398
82.841657,288,44194.48358
173.210145,288,44206.154335
93.380375,288,44217.940079
116.125152,288,44229.572459
132.315309,288,44245.540849
115.742298,288,44257.305491
102.082484,288,44268.903876
138.15973,288,44280.396756
107.622138,288,44291.847826
107.488332,288,44303.432025
80.864584,288,44315.04488
44.062419,288,44326.635175
96.809838,288,44338.208508
109.465743,288,44349.711833
114.838936,288,44361.247843
114.856839,288,44373.01565
165.130107,288,44384.85678
118.060949,288,44396.38236
104.704336,288,44408.147322
146.425437,288,44419.753945
113.66874,288,44431.294818
74.518931,288,44442.744855
