#{"t_start": 1781277298.3139687, "env_id": "None"}
r,l,t
-21.382767,288,5.29343
-51.7406,288,5.913635
24.031869,288,6.533821
-39.559361,288,7.24993
-39.593953,288,7.91451
-14.154571,288,8.560735
-15.597509,288,9.173735
7.428418,288,14.604373
-0.244788,288,15.213561
-27.819655,288,15.821726
26.123583,288,16.43107
-16.699938,288,17.035091
-16.725323,288,17.700413
38.512632,288,18.377827
55.929932,288,27.794709
91.014668,288,28.413669
-6.194673,288,29.020818
116.398036,288,29.636961
13.648527,288,30.35691
-1.793237,288,30.994576
-17.299253,288,31.601322
117.623483,288,37.298622
22.285679,288,37.905961
3.227211,288,38.533381
91.072838,288,39.228456
20.014274,288,39.944819
47.371696,288,40.635007
32.449411,288,41.278025
10.2183,288,50.593199
57.117834,288,51.296449
62.551409,288,51.932639
0.195236,288,52.533242
57.021049,288,53.135815
102.051982,288,53.731377
45.135758,288,54.352104
51.525391,288,59.192574
7.242854,288,59.803726
131.589362,288,60.407802
76.963273,288,61.007331
97.015604,288,61.632052
160.198597,288,62.329259
55.530962,288,62.945424
43.626281,288,72.235486
89.302194,288,72.838619
36.090762,288,73.443225
100.378081,288,74.049481
122.354408,288,74.661923
93.900416,288,75.360617
178.618948,288,76.016276
67.229912,288,80.863678
19.883123,288,81.506357
90.542129,288,82.112205
159.696132,288,82.725317
102.421195,288,83.336079
69.315982,288,83.941157
79.587086,288,84.545073
83.750474,288,93.768544
36.012828,288,94.378757
156.790933,288,94.989917
96.385396,288,95.603215
78.578749,288,96.216436
67.930747,288,96.828834
61.8393,288,97.455299
69.514534,288,98.07994
104.873008,288,103.033299
99.097958,288,103.649461
116.28348,288,104.262829
85.440592,288,104.943569
197.332043,288,105.614074
76.522158,288,106.232034
145.554638,288,106.842547
198.981401,288,116.179799
93.627513,288,116.789888
135.042275,288,117.401594
38.624141,288,118.007717
82.025333,288,118.62044
30.959791,288,119.230981
89.618082,288,119.935921
75.57832,288,124.766932
192.643987,288,125.476992
97.586124,288,126.117966
78.576884,288,126.731802
122.899559,288,127.338502
202.773988,288,127.948222
196.454586,288,128.578989
100.331431,288,137.844661
49.723047,288,138.45706
69.790826,288,139.07158
87.063874,288,139.688107
88.466256,288,140.306812
131.054026,288,140.912383
51.5958,288,141.52554
167.893318,288,146.471496
172.349516,288,147.090961
154.471741,288,147.706146
108.512525,288,148.321477
121.90607,288,148.937645
110.014269,288,149.65848
130.189103,288,150.316071
30.613806,288,159.714927
107.047422,288,160.365256
111.679938,288,161.016603
78.028965,288,161.629493
90.604008,288,162.25803
108.556285,288,162.880395
70.91166,288,163.495776
88.358981,288,168.437233
76.040354,288,169.057522
144.501574,288,169.662754
68.033334,288,170.26879
88.418574,288,170.998963
102.844633,288,171.672773
63.296257,288,172.281164
115.736171,288,181.55835
131.434598,288,182.17582
79.834,288,182.788251
86.098718,288,183.399917
79.104395,288,184.003127
94.214125,288,184.62027
188.249672,288,185.225015
127.039133,288,190.158999
201.34402,288,190.766002
84.165437,288,191.377928
192.535957,288,191.986102
77.211002,288,192.598068
130.333191,288,193.212581
46.11307,288,193.836147
123.908904,288,194.484375
120.869861,288,203.954905
162.969004,288,204.567403
116.107937,288,205.185797
92.471307,288,205.801347
90.261712,288,206.409828
109.026151,288,207.021074
65.69194,288,207.631423
39.648855,288,212.564667
101.808405,288,213.172328
101.184143,288,213.779997
125.442098,288,214.399201
125.849322,288,215.01147
59.918244,288,215.622607
182.306313,288,216.22391
79.808129,288,225.399692
110.504544,288,226.007924
90.609423,288,226.61283
97.571779,288,227.223521
78.668733,288,227.928709
95.308627,288,228.563421
87.520158,288,229.167537
116.921379,288,234.00369
98.596082,288,234.617486
108.950506,288,235.233589
97.400612,288,235.834514
98.633205,288,236.43712
136.277191,288,237.035253
83.412887,288,237.645285
194.255645,288,246.96572
92.058577,288,247.560278
96.297596,288,248.162916
94.324445,288,248.764667
92.937314,288,249.364064
144.694426,288,250.067485
117.5833,288,250.700178
157.991669,288,255.551686
147.898838,288,256.171857
85.118809,288,256.763706
120.139964,288,257.360375
37.286162,288,257.959164
48.151814,288,258.556408
153.757119,288,259.134374
108.183907,288,267.584852
85.520354,288,268.179842
93.061147,288,268.775512
94.41273,288,269.402867
112.621308,288,270.003867
65.017531,288,270.693844
79.397187,288,271.326345
136.146934,288,276.109317
128.239632,288,276.751196
83.99806,288,277.354384
133.211673,288,277.959391
103.551758,288,278.559455
137.598949,288,279.164076
195.173047,288,279.783733
165.037342,288,288.966072
73.454826,288,289.565456
83.33406,288,290.16255
75.093248,288,290.762017
90.078065,288,291.360724
84.6209,288,291.954447
155.164508,288,292.549604
160.30483,288,293.149327
86.182447,288,298.028037
168.277648,288,298.633337
77.605168,288,299.225436
161.449168,288,299.824849
158.913865,288,300.422443
87.20514,288,301.023155
92.784203,288,301.617594
151.761994,288,310.773237
187.494123,288,311.378802
125.374937,288,311.975842
113.173985,288,312.576841
107.886084,288,313.175647
197.201405,288,313.773105
155.843063,288,314.374918
98.226478,288,319.242515
103.441822,288,319.849537
118.377119,288,320.450779
129.033024,288,321.057364
89.945006,288,321.656347
91.796297,288,322.260485
81.94391,288,322.959836
154.064787,288,332.217213
99.904619,288,332.819109
108.905738,288,333.42399
73.635234,288,334.04019
122.920694,288,334.796169
109.67698,288,335.43578
136.662126,288,336.048811
142.785346,288,340.995939
86.743513,288,341.6003
95.622737,288,342.208168
168.423761,288,342.813881
163.324254,288,343.41956
89.470366,288,344.034002
177.212383,288,344.650615
103.198274,288,353.965319
73.990816,288,354.582602
142.517279,288,355.211259
116.198409,288,355.826346
82.156461,288,356.432419
100.496285,288,357.03882
140.771951,288,357.648089
85.17435,288,362.541627
108.499138,288,363.150886
175.277272,288,363.754198
205.930308,288,364.35599
90.980348,288,365.156291
151.794381,288,365.795352
92.798622,288,366.401704
108.398631,288,375.48206
43.744778,288,376.096001
85.408689,288,376.709056
135.09729,288,377.323551
146.8113,288,377.998824
157.716877,288,378.661532
76.100398,288,379.264558
80.013551,288,384.10831
69.829813,288,384.71096
88.317509,288,385.321819
90.439674,288,385.919946
143.997875,288,386.523656
129.387821,288,387.122448
85.508489,288,387.728781
73.07107,288,388.325006
117.551452,288,397.621367
98.495993,288,398.227078
67.817392,288,398.82852
143.783512,288,399.438546
102.636159,288,400.051526
86.665559,288,400.650282
70.922241,288,401.293105
85.74759,288,406.127041
90.746883,288,406.811655
127.321522,288,407.449019
90.498291,288,408.055132
64.314991,288,408.657786
174.451487,288,409.257004
137.594161,288,409.853822
65.956849,288,418.89547
87.059282,288,419.49935
76.56919,288,420.095565
58.306874,288,420.696965
122.502697,288,421.394593
106.107917,288,422.030021
113.567205,288,422.632017
51.902628,288,427.479346
100.258233,288,428.07682
125.918158,288,428.680685
29.206566,288,429.283067
82.561252,288,429.88798
131.608203,288,430.491676
91.069589,288,431.086237
43.00738,288,439.819217
128.467775,288,440.435475
82.102371,288,440.992179
94.280819,288,441.527637
132.512764,288,442.074088
143.46985,288,442.683609
137.66642,288,443.311937
63.822791,288,448.315648
109.764029,288,448.919917
38.80817,288,449.524328
54.068564,288,450.133001
92.606024,288,450.829719
96.259044,288,451.466352
125.964151,288,452.069684
86.927898,288,461.166315
82.714283,288,461.767108
129.596171,288,462.369053
110.826932,288,462.974354
111.235701,288,463.654513
79.422429,288,464.298839
85.47615,288,464.906605
71.638915,288,469.765062
122.352511,288,470.372168
82.233896,288,470.977965
81.89009,288,471.583208
73.736647,288,472.190898
78.664573,288,472.799334
104.319394,288,473.414124
136.417406,288,482.653953
65.959575,288,483.353032
25.890457,288,483.994908
115.860105,288,484.62025
97.20107,288,485.225252
115.803523,288,485.833572
125.867039,288,486.440491
161.73791,288,487.05442
86.416372,288,491.952579
92.788649,288,492.563508
86.141354,288,493.176003
83.352519,288,493.820179
92.357978,288,494.512199
75.151995,288,495.13806
52.421182,288,495.750051
85.597744,288,504.926794
87.210394,288,505.537846
178.490006,288,506.152046
69.04594,288,506.75132
105.774183,288,507.386057
120.494568,288,508.089135
154.86028,288,508.710982
101.06277,288,513.583618
81.062318,288,514.200359
106.207664,288,514.807443
71.2051,288,515.410088
88.983286,288,516.014435
114.396904,288,516.618116
74.163901,288,517.22971
131.123141,288,525.875622
72.951681,288,526.483986
72.247953,288,527.087513
70.964561,288,527.693811
128.411116,288,528.384782
166.566109,288,529.012194
163.154779,288,529.642591
105.213038,288,534.470037
53.298212,288,535.080516
73.880445,288,535.677878
122.948557,288,536.273754
82.883162,288,536.873343
41.095228,288,537.469408
111.212125,288,538.069269
85.067821,288,547.281279
131.777671,288,547.9109
89.84599,288,548.516967
183.496789,288,549.121069
88.05591,288,549.726774
157.244212,288,550.333184
186.477743,288,550.934231
35.485167,288,555.808
111.139966,288,556.414165
105.219198,288,557.014745
168.389274,288,557.61594
96.04054,288,558.323734
64.006137,288,558.956717
91.821991,288,559.563218
85.684056,288,568.787544
126.464748,288,569.466724
123.151432,288,570.087273
159.484334,288,570.693647
80.78528,288,571.291993
60.847459,288,571.885571
91.73364,288,572.479789
38.100891,288,577.321506
98.970472,288,577.918711
105.809387,288,578.516256
63.795978,288,579.114553
94.512194,288,579.800276
88.463481,288,580.431233
73.212696,288,581.035805
82.142833,288,581.633199
94.046429,288,590.703299
106.009273,288,591.42202
132.367684,288,592.055364
132.984265,288,592.660691
89.712322,288,593.265805
84.946106,288,593.87028
159.420179,288,594.46682
112.12225,288,599.458611
152.349887,288,600.065976
106.798999,288,600.671025
107.872129,288,601.278641
77.015045,288,601.985129
176.385983,288,602.622448
85.418828,288,603.227453
86.915579,288,612.402748
130.317446,288,613.00512
124.716038,288,613.611003
94.01068,288,614.223128
139.638957,288,614.836042
72.123029,288,615.547643
112.111686,288,616.17673
111.705138,288,621.075984
100.18442,288,621.716008
170.769232,288,622.336302
93.739234,288,622.951256
63.337671,288,623.567801
196.986434,288,624.182022
161.185808,288,624.799858
61.99441,288,634.768821
57.106251,288,635.403452
119.451776,288,636.068087
88.796042,288,636.794479
134.451496,288,637.489136
82.926081,288,638.101852
73.895632,288,638.71915
89.073917,288,643.922674
51.654171,288,644.562521
119.400394,288,645.196155
88.616174,288,645.813121
99.795226,288,646.434946
93.919235,288,647.056912
93.135805,288,647.781265
129.401351,288,657.143713
115.081166,288,657.748988
120.24107,288,658.371437
93.047802,288,658.98432
114.720057,288,659.607435
50.605,288,660.229592
71.133358,288,660.856411
126.393791,288,665.811133
124.998148,288,666.484252
134.107046,288,667.162532
103.299414,288,667.780694
81.386818,288,668.398817
157.599405,288,669.01136
125.439586,288,669.630349
57.65915,288,678.98794
78.439623,288,679.609412
170.389732,288,680.221611
102.552165,288,680.840699
163.034074,288,681.455116
86.031106,288,682.070613
88.595483,288,682.692211
20.84891,288,683.42382
107.807243,288,688.461656
91.896314,288,689.074208
133.732763,288,689.687506
76.084655,288,690.310809
126.54173,288,690.926674
73.301285,288,691.648481
102.283102,288,692.287009
176.214586,288,701.460297
94.324456,288,702.064498
99.19969,288,702.674276
96.08669,288,703.283818
105.490487,288,703.891044
93.954176,288,704.502596
85.81161,288,705.113785
74.651741,288,709.993271
86.8573,288,710.599893
127.113174,288,711.206
120.850391,288,711.814558
89.781884,288,712.418008
81.099413,288,713.023119
121.484351,288,713.639147
164.108125,288,722.924953
111.367431,288,723.525078
37.465761,288,724.128079
83.861936,288,724.735188
115.09156,288,725.343926
83.59212,288,726.122543
103.869068,288,726.748936
105.780795,288,731.551085
97.84483,288,732.162574
77.814242,288,732.758759
111.799614,288,733.359153
87.626033,288,733.961064
107.616376,288,734.556194
158.080062,288,735.160748
87.600074,288,744.317928
157.974695,288,744.922979
166.145396,288,745.517379
97.950226,288,746.11676
83.853994,288,746.709377
90.728532,288,747.306163
84.904894,288,747.899886
127.495922,288,752.746091
100.488403,288,753.344153
96.798423,288,753.94617
100.009494,288,754.548677
116.904296,288,755.140996
85.564369,288,755.745859
152.026417,288,756.342835
107.836792,288,765.387216
165.182136,288,765.985566
168.057089,288,766.595551
79.813688,288,767.200075
117.274608,288,767.864913
132.891383,288,768.531584
131.628986,288,769.13669
83.64839,288,774.061311
97.045731,288,774.667742
83.79873,288,775.285536
81.552918,288,775.882207
95.682587,288,776.47758
102.030102,288,777.082647
170.631905,288,777.683642
202.867066,288,778.284762
95.876732,288,787.00742
93.02197,288,787.612792
85.67591,288,788.211423
84.529359,288,788.809026
90.720166,288,789.404109
71.826536,288,790.078507
75.693581,288,790.744969
85.459679,288,795.483679
87.478393,288,796.14404
111.036977,288,796.758071
105.666921,288,797.3585
104.171288,288,797.961181
99.5986,288,798.570157
93.165952,288,799.163882
186.327163,288,808.438422
136.593727,288,809.039446
92.483315,288,809.64029
149.905041,288,810.245261
97.63684,288,810.837311
93.555405,288,811.426619
96.807774,288,812.023549
24.983601,288,816.806935
88.653098,288,817.407457
81.29503,288,818.00426
86.17911,288,818.605762
105.854183,288,819.201535
110.752096,288,819.804852
21.71934,288,820.417598
112.779069,288,829.43434
69.964033,288,830.032291
167.893845,288,830.63647
101.207647,288,831.23221
64.659885,288,831.826505
105.827136,288,832.420599
156.621018,288,833.017087
91.44634,288,837.845653
97.175237,288,838.441808
187.107498,288,839.028683
129.341711,288,839.62164
98.587737,288,840.217347
167.979221,288,840.81802
114.469828,288,841.415249
84.469861,288,850.714037
149.201275,288,851.341646
122.041232,288,851.962512
178.689027,288,852.591444
94.289689,288,853.200493
137.764287,288,853.817997
88.298716,288,854.429724
120.343688,288,859.404632
160.957011,288,860.0034
100.655176,288,860.606226
80.659405,288,861.213428
72.193478,288,861.814888
102.496565,288,862.419629
68.765812,288,863.015804
57.511089,288,872.113554
123.581154,288,872.810369
77.840048,288,873.430862
180.700762,288,874.033904
135.798611,288,874.640977
76.62101,288,875.248737
87.547418,288,875.853129
113.923183,288,876.459046
38.763435,288,881.329763
158.564308,288,881.936028
79.658549,288,882.540926
124.095898,288,883.147621
72.811543,288,883.755029
160.973371,288,884.369348
164.53634,288,884.973805
144.716218,288,894.236994
169.374496,288,894.850595
84.429789,288,895.45374
80.18195,288,896.065504
90.710106,288,896.673274
121.895668,288,897.289113
125.783116,288,897.905349
49.754191,288,903.073884
144.744039,288,903.683534
99.776778,288,904.297117
79.691065,288,905.010289
95.295941,288,905.651549
91.955123,288,906.269129
171.220337,288,906.874105
94.107321,288,916.126978
99.675084,288,916.735362
79.923961,288,917.3479
42.398115,288,917.971503
94.365268,288,918.678366
83.960984,288,919.320957
66.653283,288,919.930701
195.285161,288,924.856171
186.980792,288,925.476098
91.452051,288,926.090806
92.943674,288,926.719376
121.454097,288,927.333642
112.897304,288,927.956523
87.14568,288,928.574698
86.705369,288,938.068672
108.574597,288,938.689518
102.949739,288,939.309396
80.416121,288,939.927778
88.27977,288,940.539777
84.424979,288,941.161006
146.121821,288,941.776804
55.074363,288,946.822227
91.216614,288,947.436734
93.825037,288,948.051724
144.330593,288,948.667363
97.232328,288,949.373704
111.9569,288,950.01105
92.800801,288,950.621871
142.941584,288,959.833177
81.539741,288,960.449857
111.482694,288,961.069133
93.141981,288,961.680351
107.872844,288,962.388424
91.253736,288,963.028561
46.357608,288,963.639708
97.437134,288,968.544158
123.020409,288,969.147621
92.861369,288,969.746759
101.75792,288,970.357298
107.891004,288,970.960359
92.263026,288,971.565567
55.422112,288,972.171198
82.928806,288,972.778653
114.088799,288,981.484933
99.693944,288,982.127819
81.187555,288,982.656951
75.889998,288,983.206648
53.180978,288,983.738704
68.852398,288,984.360657
71.130276,288,985.05585
105.512761,288,989.429268
90.183338,288,989.960016
83.659904,288,990.488218
79.179454,288,991.018486
64.530595,288,991.546544
75.684807,288,992.182392
99.485026,288,992.822916
98.077517,288,1001.64327
172.648196,288,1002.213568
91.095085,288,1002.778675
109.572268,288,1003.328138
127.035104,288,1004.008385
76.973992,288,1004.756818
75.242352,288,1005.369229
92.375479,288,1010.465921
83.03456,288,1011.10201
122.5756,288,1011.768677
94.775898,288,1012.418506
33.682855,288,1013.077098
110.851878,288,1013.736929
171.705177,288,1014.383765
62.713223,288,1024.213664
74.943566,288,1024.833439
125.550289,288,1025.452916
89.357276,288,1026.07517
82.829653,288,1026.689626
174.570595,288,1027.307065
49.977706,288,1027.918079
121.184744,288,1032.798899
115.963472,288,1033.427403
114.011984,288,1034.08027
65.10913,288,1034.70086
99.164611,288,1035.417416
51.662671,288,1036.063612
95.256336,288,1036.678568
109.983935,288,1045.276959
79.343562,288,1045.881629
126.268516,288,1046.485567
128.295888,288,1047.090436
131.502641,288,1047.690371
128.71691,288,1048.293705
84.423063,288,1048.901344
56.201949,288,1053.681784
195.098633,288,1054.288807
95.786976,288,1054.902956
83.503679,288,1055.506333
87.356034,288,1056.109669
123.496427,288,1056.73041
82.195022,288,1057.33357
115.905263,288,1066.450709
96.960187,288,1067.049014
87.530998,288,1067.65455
114.264397,288,1068.271251
92.803866,288,1068.873512
133.700501,288,1069.474514
62.777793,288,1070.074013
101.470585,288,1070.681455
100.391809,288,1075.427387
88.282926,288,1076.032
69.371746,288,1076.637201
90.163892,288,1077.235454
74.612529,288,1077.932348
85.766291,288,1078.583804
89.938539,288,1079.21874
173.051274,288,1088.333548
90.118115,288,1088.943105
85.729677,288,1089.546201
80.192373,288,1090.158297
79.910616,288,1090.766454
83.74969,288,1091.377429
107.459848,288,1092.075552
110.329907,288,1096.713257
85.942582,288,1097.416855
147.896813,288,1098.050087
40.326453,288,1098.658291
95.951215,288,1099.266964
109.400525,288,1099.897578
100.173172,288,1100.541127
98.98917,288,1109.767453
169.098962,288,1110.383144
95.312874,288,1110.994086
87.220863,288,1111.607666
159.399392,288,1112.211579
83.683388,288,1112.82077
135.379694,288,1113.437464
187.864369,288,1118.244814
124.201127,288,1118.860062
71.042446,288,1119.473975
97.150764,288,1120.080631
177.835993,288,1120.800309
96.324032,288,1121.440617
110.064561,288,1122.048596
91.474001,288,1131.261888
83.649938,288,1131.8759
85.172936,288,1132.496038
87.729785,288,1133.113858
79.858603,288,1133.736111
102.938497,288,1134.450128
84.275086,288,1135.095995
60.517642,288,1139.899956
71.089311,288,1140.542891
109.771972,288,1141.174807
26.80152,288,1141.875354
70.019241,288,1142.505099
92.131616,288,1143.126241
117.241147,288,1143.754576
63.222178,288,1152.976767
76.255624,288,1153.631798
114.076654,288,1154.318245
94.598089,288,1154.95173
90.209547,288,1155.571687
97.774864,288,1156.193485
189.190969,288,1156.816187
40.843781,288,1161.637249
156.477565,288,1162.248288
95.748594,288,1162.874355
76.8338,288,1163.48276
94.755823,288,1164.124318
164.973268,288,1164.94132
144.284587,288,1165.606686
34.751634,288,1166.225312
105.712499,288,1175.503228
65.224743,288,1176.152969
105.049204,288,1176.77648
98.122719,288,1177.400223
76.447417,288,1178.019843
80.576211,288,1178.63821
89.247175,288,1179.25492
74.704965,288,1184.111788
103.688553,288,1184.727921
99.437625,288,1185.352355
56.258137,288,1186.043502
90.058721,288,1186.723617
68.007915,288,1187.350597
103.710902,288,1187.977148
123.436446,288,1197.42028
89.324822,288,1198.054673
162.017718,288,1198.682428
98.169363,288,1199.311281
102.143435,288,1199.930889
113.055753,288,1200.555879
121.687087,288,1201.175973
155.383302,288,1206.123054
156.903147,288,1206.751433
46.979252,288,1207.387247
88.763211,288,1208.037941
75.800776,288,1208.757421
85.224433,288,1209.40783
97.50505,288,1210.034906
61.287911,288,1219.495243
101.070025,288,1220.121125
148.929702,288,1220.758888
132.726363,288,1221.391898
72.642302,288,1222.117166
138.502544,288,1222.775839
80.140815,288,1223.403144
123.87544,288,1228.463378
107.430828,288,1229.095561
92.171692,288,1229.728893
89.439893,288,1230.353032
160.292708,288,1230.981468
133.484362,288,1231.609424
90.605715,288,1232.234413
81.662752,288,1242.641374
74.13315,288,1243.265587
96.761695,288,1243.892178
133.668756,288,1244.522142
144.774623,288,1245.150868
128.353154,288,1245.779785
150.078284,288,1246.404099
83.038269,288,1251.318778
104.298758,288,1251.953864
88.50391,288,1252.674788
153.345278,288,1253.323835
101.850767,288,1253.953619
127.269771,288,1254.587566
96.462919,288,1255.220854
81.674299,288,1264.704914
132.111993,288,1265.355609
134.741004,288,1265.994115
126.521559,288,1266.631701
156.278459,288,1267.424744
77.990315,288,1268.094889
113.793699,288,1268.728045
159.107922,288,1269.393242
130.719623,288,1274.353927
71.40091,288,1274.989877
140.079963,288,1275.620611
54.072702,288,1276.253268
163.821441,288,1276.890796
192.765296,288,1277.524892
81.124638,288,1278.163886
86.675861,288,1287.641197
87.808665,288,1288.263765
118.397923,288,1288.895109
100.545408,288,1289.519666
184.727041,288,1290.144098
23.178357,288,1290.768794
126.1067,288,1291.393649
78.760498,288,1295.887898
85.303835,288,1296.430693
70.473837,288,1297.04555
114.589197,288,1297.67537
94.816771,288,1298.37916
68.121995,288,1299.053519
39.184799,288,1299.679414
90.238872,288,1309.015054
84.44137,288,1309.638055
159.160358,288,1310.261032
115.783293,288,1310.881373
124.843328,288,1311.507625
102.294933,288,1312.128608
121.122409,288,1312.75928
120.193128,288,1317.665306
92.472117,288,1318.286594
111.482943,288,1318.907875
169.28223,288,1319.526575
85.642122,288,1320.145837
112.202958,288,1320.766932
101.588648,288,1321.382453
108.37698,288,1330.625623
88.201629,288,1331.269011
85.855314,288,1331.883131
60.330375,288,1332.499097
102.743356,288,1333.112715
130.128481,288,1333.835896
105.870976,288,1334.489716
92.145686,288,1339.743553
200.092212,288,1340.371995
75.188562,288,1340.9986
67.785853,288,1341.628608
98.00142,288,1342.252091
80.132385,288,1342.888088
57.547704,288,1343.517536
53.541198,288,1353.020317
77.633285,288,1353.636211
162.618766,288,1354.252325
75.461182,288,1354.867878
93.645596,288,1355.484434
117.288394,288,1356.104887
81.670336,288,1356.721438
35.484955,288,1361.556902
81.301385,288,1362.167032
70.513927,288,1362.777154
39.940285,288,1363.384166
102.470863,288,1363.989618
106.571563,288,1364.6023
95.620711,288,1365.218699
121.342261,288,1365.836947
49.665098,288,1374.946913
95.5267,288,1375.552602
82.590701,288,1376.16422
115.268856,288,1376.779238
180.064046,288,1377.39059
60.169535,288,1378.005312
48.180767,288,1378.620193
182.714738,288,1383.476056
111.847611,288,1384.08997
149.747842,288,1384.714241
175.330998,288,1385.342477
90.767649,288,1386.05701
109.888398,288,1386.69363
82.921767,288,1387.310022
69.20189,288,1396.459645
191.354223,288,1397.075551
50.95445,288,1397.694547
133.414534,288,1398.317125
49.560261,288,1398.941094
119.853729,288,1399.58596
93.42917,288,1400.28593
174.424403,288,1405.167182
84.413052,288,1405.857031
156.957192,288,1406.486427
155.716256,288,1407.112583
88.228217,288,1407.734063
69.474609,288,1408.359364
77.169007,288,1408.985316
101.153703,288,1418.294687
81.207785,288,1418.91976
90.268283,288,1419.553478
147.597282,288,1420.184148
148.815589,288,1420.822538
127.283972,288,1421.445487
73.645088,288,1422.072834
96.697009,288,1426.98179
118.599756,288,1427.615063
143.536131,288,1428.241894
105.336058,288,1428.862681
83.082442,288,1429.587699
69.927386,288,1430.241637
91.085579,288,1430.867959
64.145043,288,1440.239403
81.380371,288,1440.873175
83.44394,288,1441.505982
101.548549,288,1442.141761
74.969185,288,1442.764166
127.047083,288,1443.491957
118.282915,288,1444.143287
95.586464,288,1449.108642
116.388038,288,1449.743793
89.232389,288,1450.377794
110.284027,288,1450.99936
83.285143,288,1451.623968
114.213363,288,1452.187401
37.294049,288,1452.72343
110.74401,288,1461.341695
110.490011,288,1461.994924
162.501714,288,1462.712574
51.654721,288,1463.355757
81.699226,288,1463.98336
95.392911,288,1464.616726
107.438735,288,1465.250071
76.436431,288,1465.874759
97.732291,288,1470.847153
64.09829,288,1471.481374
92.093953,288,1472.117815
70.274797,288,1472.774331
101.722934,288,1473.492146
110.655745,288,1474.140562
81.1383,288,1474.774486
84.786359,288,1484.261173
157.329618,288,1484.888616
127.476891,288,1485.534072
143.546393,288,1486.248352
161.817403,288,1486.91675
86.080462,288,1487.544076
153.342206,288,1488.177374
145.514149,288,1493.111315
82.783693,288,1493.742441
88.462665,288,1494.379477
92.572944,288,1495.012184
109.440917,288,1495.639971
95.749109,288,1496.268603
111.373673,288,1496.89765
121.288417,288,1506.525912
122.170726,288,1507.153704
68.271475,288,1507.787124
134.157113,288,1508.427896
196.14229,288,1509.064925
135.854331,288,1509.746267
33.622714,288,1510.380554
119.869143,288,1515.331171
80.030494,288,1515.96257
86.943537,288,1516.59595
62.512837,288,1517.23121
101.412563,288,1517.968631
93.549245,288,1518.624486
125.069487,288,1519.26263
58.441558,288,1528.758487
84.617582,288,1529.392231
96.985616,288,1530.028579
80.907912,288,1530.668792
123.351816,288,1531.39943
70.885907,288,1532.054699
88.292343,288,1532.67671
72.53656,288,1537.657266
65.373721,288,1538.287317
112.677172,288,1538.922323
79.756771,288,1539.55267
65.449938,288,1540.180591
128.678179,288,1540.809653
172.61307,288,1541.435345
136.907794,288,1550.616623
85.924413,288,1551.163684
80.465751,288,1551.736494
116.489554,288,1552.362152
193.238568,288,1553.000682
36.823286,288,1553.630848
97.050795,288,1554.258257
57.910769,288,1559.252965
92.95256,288,1559.868701
75.844445,288,1560.488597
140.7151,288,1561.109945
83.404051,288,1561.73751
63.50238,288,1562.365884
146.383157,288,1562.991403
79.429364,288,1563.643804
78.584755,288,1572.982859
115.855078,288,1573.602609
117.181897,288,1574.220594
101.625479,288,1574.860457
91.940107,288,1575.50323
89.460557,288,1576.124997
53.538942,288,1576.752493
75.778779,288,1581.632676
52.257537,288,1582.252402
77.966662,288,1582.870242
130.878683,288,1583.486552
85.868102,288,1584.097015
63.583743,288,1584.711919
203.262938,288,1585.33621
66.964278,288,1594.543676
74.372468,288,1595.157718
79.827889,288,1595.770278
104.083875,288,1596.414499
60.048962,288,1597.028638
84.69537,288,1597.738067
77.848262,288,1598.385198
41.542554,288,1603.239476
75.922481,288,1603.896077
157.310509,288,1604.508448
81.199047,288,1605.121734
57.681695,288,1605.746161
97.275385,288,1606.367446
157.349287,288,1606.987649
107.188086,288,1616.195695
87.329702,288,1616.805642
71.146167,288,1617.415601
134.399981,288,1618.031985
72.326026,288,1618.636212
60.631525,288,1619.245763
142.058242,288,1619.852746
65.471783,288,1624.641504
82.186209,288,1625.245622
88.049067,288,1625.852997
104.204005,288,1626.458378
138.174063,288,1627.073673
90.146526,288,1627.678243
130.706365,288,1628.276724
100.807352,288,1637.372638
148.747799,288,1637.979223
114.509408,288,1638.599945
92.36301,288,1639.212764
117.152126,288,1639.818844
122.131585,288,1640.438022
180.024141,288,1641.039628
84.856013,288,1645.859226
94.70267,288,1646.47107
145.425822,288,1647.079988
195.014474,288,1647.688609
80.561306,288,1648.304395
123.272718,288,1649.086398
62.569225,288,1649.727104
133.322724,288,1658.864491
77.334307,288,1659.482703
150.481747,288,1660.09804
102.786878,288,1660.718448
96.368393,288,1661.334469
89.905286,288,1661.951598
82.02381,288,1662.569035
86.179113,288,1663.28956
111.319852,288,1667.99996
48.742954,288,1668.717846
98.891424,288,1669.353326
135.528782,288,1669.972777
135.576299,288,1670.591759
156.374439,288,1671.206778
84.624612,288,1671.829355
156.628659,288,1681.049599
91.361668,288,1681.666692
77.384427,288,1682.291194
109.463566,288,1682.908302
101.645369,288,1683.518952
64.473081,288,1684.130146
107.080308,288,1684.744008
131.677339,288,1689.593113
114.726664,288,1690.209323
95.254343,288,1690.823205
91.662439,288,1691.45769
80.946015,288,1692.248256
134.0819,288,1692.872895
195.155964,288,1693.488382
142.116614,288,1702.687631
27.343674,288,1703.30357
29.965481,288,1703.920948
149.003916,288,1704.534747
65.446605,288,1705.157304
58.110854,288,1705.873724
85.440125,288,1706.521871
74.499752,288,1711.556139
79.993489,288,1712.179964
106.134863,288,1712.791926
89.547062,288,1713.411613
148.801282,288,1714.027243
72.741659,288,1714.641997
146.587242,288,1715.256397
162.522167,288,1724.437258
157.623494,288,1725.056601
74.179844,288,1725.778865
97.73846,288,1726.427008
83.52154,288,1727.050203
137.931885,288,1727.664886
63.83703,288,1728.281938
71.689007,288,1733.168269
51.665642,288,1733.78425
123.441492,288,1734.411293
93.656459,288,1735.022861
203.962943,288,1735.635785
77.652259,288,1736.338159
166.002683,288,1736.978482
114.026817,288,1746.116597
137.574983,288,1746.735417
144.640314,288,1747.355261
125.954615,288,1747.975864
193.43728,288,1748.672697
134.76072,288,1749.335546
90.639542,288,1749.953684
93.784725,288,1754.889626
85.736103,288,1755.506628
94.3892,288,1756.125059
77.684973,288,1756.748427
43.255181,288,1757.360939
80.840875,288,1758.00344
165.908268,288,1758.620899
95.210436,288,1759.234323
105.196671,288,1768.585461
16.726821,288,1769.227932
99.376584,288,1769.851214
143.362321,288,1770.462458
96.466924,288,1771.079494
149.384791,288,1771.695705
138.467996,288,1772.339348
93.450196,288,1777.1605
120.937074,288,1777.777264
25.933887,288,1778.384789
69.795993,288,1779.019127
110.402648,288,1779.711581
48.281314,288,1780.345182
92.133534,288,1780.953654
86.042417,288,1790.051881
74.352648,288,1790.659916
23.57056,288,1791.28349
74.928268,288,1791.892723
145.530017,288,1792.597957
130.194366,288,1793.238203
121.265339,288,1793.855371
85.225588,288,1798.750396
100.243557,288,1799.323515
87.65893,288,1799.853284
28.497933,288,1800.38814
67.585596,288,1800.922889
72.680016,288,1801.456882
76.927926,288,1801.999454
183.544793,288,1811.155366
90.467911,288,1811.763517
98.681375,288,1812.393441
147.045133,288,1813.010043
196.469223,288,1813.618563
38.641927,288,1814.220226
133.049292,288,1814.824476
89.92781,288,1819.597351
74.17133,288,1820.201409
107.755036,288,1820.899144
177.356386,288,1821.54987
99.715798,288,1822.15983
88.20095,288,1822.769645
83.041869,288,1823.387622
128.253861,288,1832.631067
82.488252,288,1833.241861
165.55112,288,1834.425104
139.208247,288,1835.041871
135.292822,288,1835.657685
140.634401,288,1836.27214
85.406704,288,1836.882326
102.322921,288,1841.827733
97.942615,288,1842.447959
121.545565,288,1843.06929
169.955014,288,1843.686017
16.194927,288,1844.301773
100.030706,288,1844.922685
90.596165,288,1845.529328
134.602759,288,1854.775594
95.683485,288,1855.388699
53.601815,288,1856.007993
107.578377,288,1856.625497
102.96453,288,1857.308105
108.500859,288,1857.985292
95.978191,288,1858.608151
99.809459,288,1859.247973
62.654596,288,1864.098714
199.969771,288,1864.724971
100.74549,288,1865.348085
77.376233,288,1865.96563
152.213179,288,1866.585362
86.089686,288,1867.209095
40.571664,288,1867.853281
94.738614,288,1877.316404
93.057578,288,1877.945222
25.920695,288,1878.585044
87.109245,288,1879.220727
176.420721,288,1879.852737
104.636618,288,1880.471576
21.682169,288,1881.098557
82.677195,288,1886.115223
53.196149,288,1886.752276
137.487191,288,1887.377367
89.440533,288,1888.002379
125.628485,288,1888.632819
143.53279,288,1889.26686
95.879663,288,1889.893212
30.416334,288,1899.466621
155.019932,288,1900.091488
147.644539,288,1900.721637
37.372829,288,1901.353195
72.750354,288,1901.98613
70.750763,288,1902.613849
60.055544,288,1903.236199
96.720911,288,1908.168375
123.095609,288,1908.794658
88.63537,288,1909.432385
68.055854,288,1910.064231
120.573502,288,1910.691347
101.797036,288,1911.340155
112.737203,288,1912.059345
18.416239,288,1921.481006
87.883532,288,1922.111067
115.588014,288,1922.742578
105.481672,288,1923.380591
50.036045,288,1924.009231
99.093007,288,1924.6329
112.938489,288,1925.263835
93.867015,288,1930.281409
74.49183,288,1930.910296
125.277257,288,1931.540376
82.895259,288,1932.166623
74.938023,288,1932.79803
78.738957,288,1933.42819
89.481404,288,1934.056211
90.33008,288,1943.483045
109.391761,288,1944.114474
103.734442,288,1944.742732
96.052109,288,1945.38448
90.329241,288,1946.013609
112.56855,288,1946.647463
78.234053,288,1947.281359
97.333232,288,1952.208947
72.950599,288,1952.838976
100.013399,288,1953.437043
100.564279,288,1953.976049
99.190813,288,1954.517203
87.132451,288,1955.145734
101.190993,288,1955.711981
67.791989,288,1956.249021
99.972769,288,1965.204623
87.548608,288,1965.990606
77.803374,288,1966.667766
105.099458,288,1967.298182
97.751731,288,1967.931252
86.036844,288,1968.577231
118.764363,288,1969.203903
107.049616,288,1974.123172
90.879931,288,1974.750058
42.789479,288,1975.382623
160.759964,288,1976.007089
110.449587,288,1976.635025
93.092238,288,1977.263089
90.34126,288,1977.896857
99.986758,288,1987.315578
91.210807,288,1987.945312
134.459639,288,1988.573739
170.11018,288,1989.198163
154.910598,288,1989.815956
197.927802,288,1990.449685
93.087186,288,1991.072526
110.135987,288,1995.965762
89.147066,288,1996.597998
114.466701,288,1997.223631
98.658586,288,1997.86223
92.677199,288,1998.581068
75.66992,288,1999.228072
133.773879,288,1999.852514
99.217504,288,2009.451602
71.131535,288,2010.067718
148.790126,288,2010.688041
105.799018,288,2011.312379
78.038176,288,2011.937598
90.622794,288,2012.656035
94.647217,288,2013.306342
72.604775,288,2018.172711
72.720316,288,2018.824302
131.806511,288,2019.450527
65.328497,288,2020.072849
53.858028,288,2020.694495
113.881955,288,2021.335643
91.978189,288,2021.959482
79.690083,288,2031.222458
96.382002,288,2031.850549
131.545042,288,2032.57395
144.202379,288,2033.228899
76.771468,288,2033.852125
41.430313,288,2034.470195
119.406151,288,2035.095052
63.286936,288,2040.015966
84.360387,288,2040.638401
104.692802,288,2041.265753
143.185607,288,2041.889158
96.042926,288,2042.50914
64.28041,288,2043.234629
81.50824,288,2043.967523
95.712962,288,2053.177423
160.162597,288,2053.790208
112.585344,288,2054.338323
143.240772,288,2054.879382
68.516119,288,2055.422969
144.099106,288,2055.958823
68.965619,288,2056.501241
99.670811,288,2057.040284
96.54891,288,2061.735228
96.587029,288,2062.345865
37.896534,288,2062.960005
35.049093,288,2063.600485
68.703982,288,2064.309543
76.118894,288,2064.950943
104.591365,288,2065.568962
59.590003,288,2074.733645
189.034722,288,2075.344256
212.467883,288,2075.956078
96.404937,288,2076.584605
99.778103,288,2077.291632
130.407139,288,2077.927198
175.674703,288,2078.534765
95.167219,288,2083.390015
150.993779,288,2083.999333
100.993349,288,2084.614618
71.881341,288,2085.226875
78.797643,288,2085.833672
67.665625,288,2086.447368
88.266613,288,2087.059085
151.969388,288,2096.367977
143.138159,288,2096.985729
100.315627,288,2097.594581
99.025333,288,2098.220124
57.8424,288,2098.83517
104.638306,288,2099.452132
74.803759,288,2100.070431
124.957468,288,2104.990839
102.388314,288,2105.607208
29.140265,288,2106.21916
95.449939,288,2106.830601
73.975382,288,2107.442467
85.554892,288,2108.083154
27.313816,288,2108.695829
57.564456,288,2118.053039
46.87769,288,2118.671843
98.467656,288,2119.281965
122.086439,288,2119.89518
113.530943,288,2120.516594
78.394881,288,2121.166908
91.033746,288,2121.970104
100.981945,288,2126.881318
87.642124,288,2127.541055
69.809761,288,2128.191752
64.324217,288,2128.833054
89.953774,288,2129.448975
79.993684,288,2130.060054
204.114351,288,2130.678352
108.056147,288,2140.048511
134.794763,288,2140.665354
112.630903,288,2141.284093
76.738909,288,2141.903304
105.53667,288,2142.523134
66.135302,288,2143.142693
97.48835,288,2143.754864
91.15758,288,2148.586958
60.961251,288,2149.199594
79.983398,288,2149.814875
194.504122,288,2150.426643
86.967039,288,2151.041626
82.284611,288,2151.654685
48.279193,288,2152.258535
70.322888,288,2152.87135
91.98376,288,2162.050353
92.688781,288,2162.663674
99.340751,288,2163.276358
22.96298,288,2163.929538
86.562072,288,2164.706657
98.37384,288,2165.321263
136.310567,288,2165.941149
134.336513,288,2170.786273
71.382756,288,2171.406974
77.224219,288,2172.021219
120.906965,288,2172.6414
129.829094,288,2173.2523
169.172143,288,2173.863646
100.003027,288,2174.490245
92.416845,288,2183.83928
87.464963,288,2184.458567
112.596626,288,2185.087998
151.107272,288,2185.715091
171.752784,288,2186.448648
105.390141,288,2187.09748
94.820883,288,2187.724931
66.268528,288,2192.674027
61.316806,288,2193.30232
53.421474,288,2193.919494
83.468096,288,2194.541158
86.50206,288,2195.16715
79.560431,288,2195.789565
104.458444,288,2196.41353
107.400699,288,2207.313652
109.590058,288,2208.082363
63.39328,288,2208.97338
92.885056,288,2209.627528
111.738977,288,2210.316485
148.392529,288,2210.962539
92.828845,288,2211.604007
32.440351,288,2216.709938
98.258196,288,2217.357347
97.890664,288,2218.0019
97.960801,288,2218.649841
104.207112,288,2219.29857
149.048826,288,2219.953989
131.97656,288,2220.676356
105.468768,288,2230.174016
89.320484,288,2230.802109
91.323549,288,2231.436967
78.890253,288,2232.067872
159.870233,288,2232.696148
77.602061,288,2233.327676
144.058711,288,2233.95322
76.450115,288,2239.297868
84.526902,288,2239.940585
86.03731,288,2240.571624
138.726817,288,2241.212472
132.888023,288,2241.837624
72.369546,288,2242.481789
87.37314,288,2243.117211
86.699757,288,2252.52505
21.805505,288,2253.146321
118.412804,288,2253.777194
84.079109,288,2254.406521
80.026381,288,2255.037055
180.537384,288,2255.666349
184.069976,288,2256.303485
75.238269,288,2256.938396
156.627971,288,2261.882862
68.671165,288,2262.520865
124.185803,288,2263.150887
84.833725,288,2263.810355
69.408827,288,2264.47424
72.563184,288,2265.197078
83.893613,288,2265.844112
90.829184,288,2275.272976
119.066107,288,2275.899404
40.463042,288,2276.533726
68.724596,288,2277.156245
82.039201,288,2277.786958
108.105415,288,2278.421331
106.635326,288,2279.082328
101.039362,288,2283.941739
71.90432,288,2284.623037
154.883254,288,2285.398366
113.247598,288,2286.033733
150.616401,288,2286.663615
159.256423,288,2287.282448
85.129255,288,2287.909318
111.138475,288,2297.223896
164.046504,288,2297.849166
76.685347,288,2298.469133
101.811365,288,2299.103409
96.843161,288,2299.729501
74.257274,288,2300.345447
76.71519,288,2300.969049
66.903485,288,2305.855308
164.120152,288,2306.47259
77.435349,288,2307.095148
67.182763,288,2307.714525
95.560798,288,2308.448463
116.748921,288,2309.102666
115.078114,288,2309.724168
93.826476,288,2318.521142
59.374297,288,2319.131242
130.920447,288,2319.747385
185.551282,288,2320.370735
91.080581,288,2321.051022
90.45314,288,2321.752409
102.079725,288,2322.366005
85.227982,288,2327.303334
196.877116,288,2327.922801
93.683555,288,2328.540544
94.963287,288,2329.164412
37.609819,288,2329.775527
79.092217,288,2330.390021
141.474996,288,2331.013033
89.183731,288,2340.26926
164.863919,288,2340.881465
175.535371,288,2341.495982
134.715589,288,2342.117208
154.458361,288,2342.793484
22.467884,288,2343.463951
88.920642,288,2344.074406
76.593737,288,2348.904246
78.843657,288,2349.510684
103.051195,288,2350.124088
99.181037,288,2350.735544
62.476224,288,2351.349715
99.919107,288,2351.966569
75.092104,288,2352.579184
94.421871,288,2353.183935
96.309562,288,2362.563513
126.676147,288,2363.179228
93.425415,288,2363.805976
154.795341,288,2364.419178
161.463994,288,2365.037244
101.031091,288,2365.664779
111.703557,288,2366.288949
57.222341,288,2371.165922
91.887655,288,2371.793123
91.735207,288,2372.415611
47.88492,288,2373.079144
155.062812,288,2373.785404
74.424498,288,2374.414521
195.371314,288,2375.032766
117.080254,288,2384.270622
103.201866,288,2384.889479
38.369949,288,2385.515109
104.535638,288,2386.138582
163.445928,288,2386.852962
70.185967,288,2387.491088
137.750088,288,2388.110024
90.325419,288,2393.013251
67.343506,288,2393.629101
97.857965,288,2394.24668
89.336772,288,2394.86446
106.687211,288,2395.47538
136.845119,288,2396.125612
78.933008,288,2396.753338
90.217574,288,2406.081534
45.408208,288,2406.696457
64.168046,288,2407.311308
49.948057,288,2408.021077
168.258226,288,2408.675052
146.180459,288,2409.304003
75.943957,288,2409.917589
37.085734,288,2414.773592
81.0644,288,2415.398154
182.60832,288,2416.020176
149.506848,288,2416.637398
83.030747,288,2417.25862
102.632473,288,2417.872013
101.15833,288,2418.490853
110.388137,288,2427.789271
117.386044,288,2428.407018
90.896771,288,2429.029514
103.343588,288,2429.656787
68.947548,288,2430.359118
121.524499,288,2431.093932
181.871893,288,2431.714128
106.151819,288,2437.250999
126.976977,288,2437.871645
93.267853,288,2438.487225
104.943308,288,2439.109039
76.469404,288,2439.728348
30.089213,288,2440.343919
118.867837,288,2440.952116
93.66543,288,2450.255137
65.235276,288,2450.866102
61.058592,288,2451.483427
68.094158,288,2452.099902
79.388504,288,2452.716708
34.04188,288,2453.330919
133.025318,288,2453.948242
103.698348,288,2454.571357
170.561954,288,2459.362174
83.535955,288,2459.880348
122.731175,288,2460.400757
137.22604,288,2460.92003
38.848962,288,2461.444541
123.307111,288,2461.978214
132.792936,288,2462.500732
115.287104,288,2471.699073
111.585231,288,2472.311768
179.229995,288,2472.931939
88.788366,288,2473.550117
87.215536,288,2474.162767
83.19591,288,2474.78056
78.94136,288,2475.407089
103.155116,288,2480.320287
103.593255,288,2480.948398
111.899238,288,2481.565827
161.503581,288,2482.186585
53.734369,288,2482.86455
106.390542,288,2483.49018
91.495234,288,2484.145048
147.743725,288,2493.681365
102.603699,288,2494.301373
125.033341,288,2494.926213
112.671286,288,2495.545186
140.096961,288,2496.168411
127.421955,288,2496.789727
91.101542,288,2497.410717
113.908924,288,2502.283722
79.807323,288,2502.903061
128.358244,288,2503.520964
93.432612,288,2504.13979
98.491381,288,2504.756474
52.765056,288,2505.370725
155.137273,288,2505.991083
103.178299,288,2515.192839
51.025783,288,2515.804314
185.702556,288,2516.427123
98.734277,288,2517.034404
103.649171,288,2517.642591
169.098009,288,2518.252195
176.062966,288,2518.861904
99.062307,288,2523.707874
104.452339,288,2524.322633
29.075324,288,2524.933298
92.071589,288,2525.549315
98.454765,288,2526.170999
110.646709,288,2526.790339
67.058086,288,2527.508425
140.807255,288,2536.85514
101.50421,288,2537.483282
206.880726,288,2538.105572
87.378828,288,2538.726918
132.587061,288,2539.347827
108.210013,288,2539.961526
87.293867,288,2540.58031
110.000513,288,2545.491801
73.446759,288,2546.107001
100.727511,288,2546.718864
82.307381,288,2547.341754
104.967275,288,2547.959508
159.631864,288,2548.682184
16.646363,288,2549.357303
76.85418,288,2549.981702
131.479987,288,2559.272117
49.301661,288,2559.899229
45.089721,288,2560.524229
115.640977,288,2561.15004
95.764262,288,2561.776666
129.045372,288,2562.40403
138.112844,288,2563.028939
82.883574,288,2567.639126
111.663561,288,2568.187439
66.178741,288,2568.732768
178.368148,288,2569.274401
101.020203,288,2569.892381
98.758575,288,2570.559794
84.72453,288,2571.267328
96.461426,288,2580.676036
89.727896,288,2581.307923
93.042568,288,2581.942844
87.032259,288,2582.571154
122.098205,288,2583.202551
142.591753,288,2583.835866
190.880162,288,2584.4749
62.561172,288,2589.437929
118.680505,288,2590.070285
102.196181,288,2590.701084
119.911747,288,2591.361402
79.455899,288,2592.070755
90.622761,288,2592.710103
118.869805,288,2593.337355
95.560207,288,2602.782489
110.774245,288,2603.410418
55.604921,288,2604.045758
142.945349,288,2604.6788
64.705235,288,2605.428392
84.441586,288,2606.082385
179.955495,288,2606.716101
96.015036,288,2611.710148
65.679002,288,2612.344769
194.909171,288,2612.983995
61.755375,288,2613.617487
71.048634,288,2614.250483
101.458742,288,2614.887509
85.970928,288,2615.525506
116.379911,288,2625.185226
41.265858,288,2625.825533
119.430193,288,2626.458438
157.832009,288,2627.093502
202.275962,288,2627.73088
18.990936,288,2628.364078
201.442762,288,2628.99519
158.23147,288,2633.981303
117.625572,288,2634.618083
70.719222,288,2635.247057
36.372749,288,2635.876704
69.179884,288,2636.610233
121.795493,288,2637.275393
118.135366,288,2637.91014
108.391517,288,2647.312862
190.121256,288,2647.941956
120.538877,288,2648.571244
28.962474,288,2649.202858
74.332153,288,2649.918026
55.507966,288,2650.584934
106.623625,288,2651.210596
95.09408,288,2651.841675
85.696148,288,2656.858455
130.503172,288,2657.487202
118.694027,288,2658.113194
126.947695,288,2658.746034
166.88592,288,2659.370342
83.524467,288,2659.99527
117.481146,288,2660.622208
86.795437,288,2670.072581
81.087738,288,2670.718412
179.202838,288,2671.350137
85.428745,288,2671.972435
84.613029,288,2672.594459
95.549076,288,2673.217007
60.890877,288,2673.942813
91.781842,288,2678.751796
94.56895,288,2679.465673
98.827923,288,2680.09771
91.146699,288,2680.717184
91.791893,288,2681.333347
89.164133,288,2681.951898
203.042748,288,2682.576628
124.85952,288,2691.787054
115.994147,288,2692.407168
80.945148,288,2693.026258
98.706028,288,2693.652931
131.994421,288,2694.455425
152.158858,288,2695.092938
93.335099,288,2695.704247
148.436488,288,2700.550596
112.732736,288,2701.167073
81.366108,288,2701.782708
92.386952,288,2702.396353
38.38742,288,2703.005754
66.818349,288,2703.619041
76.464971,288,2704.231917
80.596335,288,2713.561347
201.813931,288,2714.176664
98.143422,288,2714.785691
144.231056,288,2715.406034
85.728742,288,2716.021481
108.167901,288,2716.633567
36.98326,288,2717.249569
97.054782,288,2722.130344
112.117297,288,2722.748758
85.163731,288,2723.368289
216.493923,288,2723.986981
104.409655,288,2724.610816
118.161924,288,2725.237409
93.994102,288,2725.860749
79.725302,288,2735.216026
231.592315,288,2735.847121
138.526713,288,2736.469073
88.191477,288,2737.101892
92.14811,288,2737.913279
88.265632,288,2738.559004
142.613352,288,2739.189148
113.590237,288,2744.123719
53.204821,288,2744.749887
68.34088,288,2745.380275
108.950076,288,2746.002825
92.165554,288,2746.63863
98.706366,288,2747.269472
83.515971,288,2747.903459
40.1574,288,2748.536292
87.270328,288,2758.0395
98.061644,288,2758.664592
60.200839,288,2759.298959
170.894757,288,2759.93627
169.726505,288,2760.573643
90.796194,288,2761.210728
74.145675,288,2761.852598
101.80902,288,2766.858205
97.013303,288,2767.486176
122.181934,288,2768.122616
77.317453,288,2768.748156
92.602159,288,2769.382022
115.641607,288,2770.020746
117.913864,288,2770.644145
127.104676,288,2780.06478
147.684063,288,2780.688676
97.490751,288,2781.320402
172.861306,288,2781.9416
91.509742,288,2782.56449
181.196189,288,2783.190112
94.701699,288,2783.806912
70.473239,288,2788.827674
117.87862,288,2789.449887
86.6962,288,2790.076169
71.594814,288,2790.698937
122.462715,288,2791.32773
120.867129,288,2791.954278
92.117473,288,2792.675356
106.226611,288,2802.030394
138.108889,288,2802.655719
93.326448,288,2803.286284
158.516342,288,2803.908064
77.221501,288,2804.530426
116.104233,288,2805.154315
77.571131,288,2805.774578
79.489845,288,2810.726594
89.13213,288,2811.352302
110.195749,288,2811.983394
190.012305,288,2812.609983
106.335118,288,2813.233172
68.876569,288,2813.856297
89.525726,288,2814.489743
79.784338,288,2823.676533
141.04599,288,2824.228922
67.995087,288,2824.770795
104.736696,288,2825.319778
123.482724,288,2825.936078
132.952666,288,2826.59504
106.99128,288,2827.403099
92.227765,288,2832.341459
112.625471,288,2833.00793
80.128347,288,2833.637128
137.597087,288,2834.273734
107.565677,288,2834.905815
117.713562,288,2835.538283
85.781255,288,2836.180192
106.777789,288,2845.77437
123.530869,288,2846.404055
102.161582,288,2847.038282
196.526843,288,2847.674756
92.791554,288,2848.307721
164.994356,288,2848.939106
82.192615,288,2849.568205
104.689542,288,2850.196849
67.22193,288,2855.175451
98.334174,288,2855.799698
72.5457,288,2856.433925
144.402381,288,2857.155761
175.479123,288,2857.824712
203.594993,288,2858.453383
100.929089,288,2859.078844
179.659923,288,2868.524158
128.202271,288,2869.151725
93.804318,288,2869.791857
133.556068,288,2870.504008
33.379038,288,2871.170999
94.022649,288,2871.801422
73.892389,288,2872.425503
129.433333,288,2877.390732
125.168223,288,2878.014706
90.137036,288,2878.641019
203.057481,288,2879.261076
100.641954,288,2879.881605
78.988289,288,2880.504377
181.732867,288,2881.127852
79.416965,288,2890.535817
174.378824,288,2891.152742
30.240293,288,2891.77262
115.103681,288,2892.392114
77.507229,288,2893.015004
146.628024,288,2893.632546
87.250001,288,2894.248246
85.621536,288,2899.179061
138.197032,288,2899.802185
42.367253,288,2900.424802
99.83584,288,2901.043995
79.033365,288,2901.840055
59.312013,288,2902.471742
162.604914,288,2903.085106
158.00663,288,2912.274677
103.400101,288,2912.891644
89.445673,288,2913.502718
91.730727,288,2914.117129
109.572654,288,2914.819853
130.278844,288,2915.462111
94.088151,288,2916.078665
40.766277,288,2920.923424
93.002715,288,2921.552513
98.933274,288,2922.174421
104.641065,288,2922.79103
121.363799,288,2923.413103
103.851217,288,2924.028514
60.511735,288,2924.64048
146.663728,288,2933.899026
125.346986,288,2934.515906
142.627459,288,2935.130513
104.129218,288,2935.744783
84.416385,288,2936.377138
118.180814,288,2936.988328
104.529026,288,2937.604509
180.411596,288,2942.459151
80.697077,288,2943.074751
201.284691,288,2943.785436
86.732045,288,2944.426539
161.77369,288,2945.037753
172.363561,288,2945.651289
115.215566,288,2946.256023
102.045585,288,2946.863617
93.762829,288,2956.095778
165.542058,288,2956.712104
92.797185,288,2957.32879
154.117225,288,2957.987118
120.904388,288,2958.673883
94.203869,288,2959.291941
109.617824,288,2959.899126
120.270678,288,2964.465864
98.613405,288,2964.98767
115.877341,288,2965.528504
94.518089,288,2966.050809
102.178389,288,2966.571251
86.894646,288,2967.09203
95.005871,288,2967.609268
97.946596,288,2976.83911
99.363794,288,2977.444736
98.103016,288,2978.058955
113.864345,288,2978.664477
113.355528,288,2979.274482
55.124118,288,2979.886823
111.623161,288,2980.492299
135.461189,288,2985.676586
27.404235,288,2986.292101
105.49167,288,2986.910973
119.571225,288,2987.529193
109.128466,288,2988.139598
126.285423,288,2988.848448
89.441936,288,2989.488817
94.221999,288,2998.672702
161.983381,288,2999.279859
131.249058,288,2999.884278
86.086673,288,3000.488651
149.252324,288,3001.179498
99.909491,288,3001.822913
103.24387,288,3002.438214
117.618757,288,3007.245611
116.914665,288,3007.855947
88.005821,288,3008.467087
114.403718,288,3009.075407
75.294322,288,3009.684988
113.080867,288,3010.294482
66.484811,288,3010.904529
121.945203,288,3020.247192
92.018608,288,3020.859356
99.345903,288,3021.467791
31.478919,288,3022.080089
95.759158,288,3022.68931
82.65664,288,3023.301423
83.359459,288,3023.926497
78.51085,288,3028.777844
96.311845,288,3029.393858
116.447648,288,3030.014664
182.844179,288,3030.635503
93.615618,288,3031.251352
80.568756,288,3031.87291
79.882931,288,3032.491574
85.230868,288,3042.318428
106.468271,288,3042.942163
138.99269,288,3043.562484
107.751125,288,3044.179796
91.698549,288,3044.86762
66.721614,288,3045.54588
55.844874,288,3046.169284
99.039609,288,3046.796986
101.227781,288,3051.686723
159.882613,288,3052.314883
193.299478,288,3052.939419
78.68732,288,3053.560436
60.577769,288,3054.190308
108.043134,288,3054.820178
90.924076,288,3055.474432
34.664598,288,3064.876894
88.397706,288,3065.492825
137.205282,288,3066.113218
77.714524,288,3066.821117
105.951166,288,3067.459963
114.862972,288,3068.068092
91.196712,288,3068.694818
90.419438,288,3073.572921
74.748905,288,3074.194093
134.013803,288,3074.771529
103.189951,288,3075.315171
150.368839,288,3075.862949
123.618518,288,3076.403179
79.152233,288,3076.942176
78.210392,288,3086.054963
150.238352,288,3086.708117
119.083891,288,3087.324894
204.884691,288,3087.958264
200.996401,288,3088.584285
96.325463,288,3089.21153
84.336307,288,3089.831103
71.839514,288,3094.834176
58.465126,288,3095.464133
70.801145,288,3096.08601
115.816971,288,3096.812446
72.36758,288,3097.4677
150.134653,288,3098.094184
143.953967,288,3098.725527
80.863434,288,3108.095559
115.386014,288,3108.744969
88.720374,288,3109.457487
82.44474,288,3110.101195
92.718618,288,3110.723322
67.973841,288,3111.35045
86.60266,288,3111.974858
138.75166,288,3116.902086
147.47122,288,3117.528349
129.381441,288,3118.156575
179.497237,288,3118.783595
98.108577,288,3119.406238
184.754705,288,3120.128348
92.401356,288,3120.778694
119.380161,288,3130.16684
96.643266,288,3130.797394
83.313315,288,3131.430096
48.033939,288,3132.142449
88.14595,288,3132.922525
128.379469,288,3133.598706
135.4681,288,3134.224956
33.870634,288,3139.389843
40.320121,288,3140.022573
201.169039,288,3140.661743
105.401696,288,3141.288561
134.708489,288,3141.914982
174.055616,288,3142.547308
169.098776,288,3143.175304
105.214094,288,3143.805275
185.647446,288,3153.221761
173.898111,288,3153.905828
95.682537,288,3154.536876
61.411496,288,3155.164754
104.174684,288,3155.783982
110.049246,288,3156.409079
69.422049,288,3157.035559
98.790851,288,3162.058434
67.574553,288,3162.689909
94.807556,288,3163.311462
166.809475,288,3163.990548
104.971653,288,3164.676249
72.19074,288,3165.303062
80.018169,288,3165.930385
82.347049,288,3175.301395
206.88405,288,3175.931338
104.633651,288,3176.562107
71.33401,288,3177.225099
86.488937,288,3177.93576
72.030397,288,3178.57568
107.24599,288,3179.209457
131.852845,288,3184.198684
105.480335,288,3184.830827
97.992019,288,3185.460769
52.707961,288,3186.094431
80.040671,288,3186.719981
45.02592,288,3187.353013
192.242496,288,3187.981652
63.085614,288,3197.565514
95.775038,288,3198.23333
170.277383,288,3198.863361
157.153265,288,3199.502906
194.923593,288,3200.138481
136.00368,288,3200.767795
92.449293,288,3201.393795
76.86414,288,3206.473657
153.320681,288,3207.100898
105.043248,288,3207.734256
94.280786,288,3208.364885
102.292768,288,3209.094201
10.139365,288,3209.750025
176.624469,288,3210.377728
121.123613,288,3219.737896
41.606133,288,3220.367459
141.078225,288,3221.004169
89.375547,288,3221.652245
23.644995,288,3222.386373
95.392613,288,3223.049644
91.673333,288,3223.693408
72.691841,288,3228.670097
131.234308,288,3229.301013
133.120051,288,3229.936972
51.234581,288,3230.558323
153.397404,288,3231.181901
103.91454,288,3231.821437
65.835784,288,3232.462273
25.081788,288,3242.070838
111.342195,288,3242.703066
102.964846,288,3243.323406
97.023199,288,3243.954309
93.586328,288,3244.579044
69.402992,288,3245.21093
105.205878,288,3245.833315
40.244786,288,3246.461864
144.724984,288,3251.419058
117.671895,288,3252.044393
83.920922,288,3252.671224
158.502112,288,3253.382868
68.195765,288,3254.032984
96.169755,288,3254.654644
87.29995,288,3255.277839
98.032059,288,3264.620783
211.663106,288,3265.247451
141.692106,288,3265.871529
84.13051,288,3266.529835
53.535966,288,3267.236027
114.616748,288,3267.861076
125.466492,288,3268.481604
91.807878,288,3273.346652
41.920933,288,3273.972717
104.402218,288,3274.592879
74.369778,288,3275.292537
129.335148,288,3275.90594
92.206239,288,3276.524633
96.263302,288,3277.151545
63.99851,288,3286.492147
139.056629,288,3287.102415
145.259144,288,3287.718583
101.068934,288,3288.437956
92.979483,288,3289.078709
117.821431,288,3289.702576
170.237238,288,3290.32435
185.363489,288,3295.179912
36.481083,288,3295.792825
77.118394,288,3296.407858
156.475305,288,3297.018657
165.730611,288,3297.632094
203.675368,288,3298.241965
102.675862,288,3298.915001
82.3955,288,3308.206145
103.841754,288,3308.827263
78.507625,288,3309.441979
104.178101,288,3310.08074
70.616622,288,3310.781294
96.403308,288,3311.425025
97.503705,288,3312.039117
76.373678,288,3316.885255
173.549738,288,3317.496059
180.774455,288,3318.115393
102.104727,288,3318.730136
176.617858,288,3319.339446
171.986645,288,3319.948972
102.825174,288,3320.580218
80.508688,288,3329.89776
92.885193,288,3330.513286
75.432481,288,3331.11996
130.085136,288,3331.738441
48.131143,288,3332.346573
85.118554,288,3332.936261
92.316045,288,3333.471651
183.832087,288,3337.975807
68.81444,288,3338.602834
102.405234,288,3339.216826
105.850453,288,3339.839203
123.088727,288,3340.455888
94.436139,288,3341.26375
53.278248,288,3341.900956
35.70844,288,3342.515652
187.938503,288,3351.768532
90.170718,288,3352.411194
173.418742,288,3353.022575
95.506082,288,3353.635269
41.272287,288,3354.253425
102.127481,288,3354.871312
45.959841,288,3355.486084
63.734111,288,3360.331177
99.689271,288,3360.937288
146.358782,288,3361.542884
128.015144,288,3362.15747
43.188325,288,3362.772417
95.592658,288,3363.382366
99.29937,288,3363.990771
122.425025,288,3373.134871
139.435182,288,3373.747596
114.078844,288,3374.353736
50.486862,288,3374.963499
222.995248,288,3375.572051
114.216309,288,3376.179179
131.587396,288,3376.788117
110.380004,288,3381.589222
133.799313,288,3382.198848
172.975003,288,3382.804176
110.861522,288,3383.403547
123.012552,288,3384.010362
83.044058,288,3384.619974
59.01683,288,3385.418766
79.880841,288,3394.446754
111.721749,288,3395.050718
43.933904,288,3395.655697
66.128411,288,3396.268102
102.227394,288,3396.878706
121.297504,288,3397.491141
101.25281,288,3398.100878
94.805046,288,3402.899709
61.439662,288,3403.506635
102.324748,288,3404.113267
94.140432,288,3404.723161
80.444172,288,3405.320044
140.257042,288,3405.932406
96.671453,288,3406.546415
34.729627,288,3415.726749
123.387701,288,3416.339148
128.830747,288,3416.958207
151.030501,288,3417.571182
96.438801,288,3418.191344
92.065266,288,3418.806923
127.920481,288,3419.509355
46.871305,288,3424.255905
46.388547,288,3424.964928
115.091891,288,3425.606167
105.059339,288,3426.220952
54.885962,288,3426.843024
187.145045,288,3427.46862
80.202328,288,3428.088556
115.996146,288,3437.506498
87.386334,288,3438.123957
86.166337,288,3438.740659
114.994807,288,3439.356991
69.511394,288,3439.972964
73.009199,288,3440.599425
90.290652,288,3441.223274
87.398758,288,3441.846812
107.0944,288,3446.776453
79.209351,288,3447.394707
70.789819,288,3448.009825
94.357652,288,3448.627926
208.633226,288,3449.24619
82.149005,288,3449.868392
125.328723,288,3450.494085
108.437442,288,3459.777805
99.6694,288,3460.397381
66.437676,288,3461.024141
80.675279,288,3461.646006
27.153751,288,3462.266807
111.610556,288,3462.891384
139.028986,288,3463.545795
81.127811,288,3468.495784
55.822119,288,3469.115489
168.010227,288,3469.754897
163.849232,288,3470.383026
100.778392,288,3470.94551
167.5345,288,3471.584111
49.110332,288,3472.144303
121.888931,288,3481.022749
144.123298,288,3481.652313
91.118075,288,3482.320889
81.747961,288,3482.966521
33.315331,288,3483.594074
40.77801,288,3484.222489
111.440606,288,3484.890427
139.721883,288,3489.813585
99.435011,288,3490.530339
100.612686,288,3491.201427
130.226434,288,3491.838341
215.854593,288,3492.474539
95.010004,288,3493.104179
73.222105,288,3493.7317
115.871671,288,3503.300448
94.405214,288,3503.951016
117.014183,288,3504.588061
70.086842,288,3505.225895
80.895602,288,3505.85016
127.729866,288,3506.474453
111.686254,288,3507.102631
48.654974,288,3512.316911
92.951527,288,3512.952269
89.405341,288,3513.595095
149.764639,288,3514.229594
114.670938,288,3514.927686
93.213279,288,3515.655264
127.565331,288,3516.291884
90.954963,288,3525.691609
47.298579,288,3526.324978
99.186178,288,3526.955756
69.132094,288,3527.590146
118.920961,288,3528.218809
102.423079,288,3528.848979
87.312011,288,3529.502959
176.502181,288,3534.354907
169.36267,288,3535.048719
127.16334,288,3535.752719
87.182295,288,3536.375204
193.572026,288,3537.001227
85.380051,288,3537.618715
58.803795,288,3538.240548
27.731677,288,3538.863303
24.279563,288,3548.146351
122.374214,288,3548.769008
76.871848,288,3549.391682
68.179301,288,3550.010473
131.244125,288,3550.634427
175.510749,288,3551.250222
84.042405,288,3551.868202
65.714097,288,3556.864341
174.529887,288,3557.485575
86.882073,288,3558.110592
58.178489,288,3558.779072
48.777152,288,3559.496711
78.303443,288,3560.120332
155.75348,288,3560.741307
140.238751,288,3570.112351
119.704506,288,3570.734258
118.604039,288,3571.36637
171.238907,288,3572.008133
108.980342,288,3572.711408
182.662713,288,3573.35835
121.180821,288,3573.97891
103.049834,288,3578.889389
184.410825,288,3579.513537
156.395051,288,3580.132781
64.189563,288,3580.753651
115.424297,288,3581.374069
94.471717,288,3581.994864
124.207257,288,3582.614132
114.118356,288,3591.625886
134.589514,288,3592.169475
102.546832,288,3592.710173
74.296925,288,3593.252781
89.140608,288,3593.85123
72.197584,288,3594.487642
30.287289,288,3595.305832
97.943921,288,3600.221363
118.099578,288,3600.89027
117.177871,288,3601.516079
135.836682,288,3602.154144
195.31806,288,3602.779583
101.987758,288,3603.399588
53.527333,288,3604.029442
121.957012,288,3613.583392
73.944363,288,3614.21736
170.344725,288,3614.845624
140.673528,288,3615.482025
93.733807,288,3616.108494
64.818471,288,3616.740441
73.94031,288,3617.371729
129.48794,288,3622.35099
56.840581,288,3622.986031
123.041585,288,3623.61176
91.732484,288,3624.239531
75.105802,288,3624.961316
150.999554,288,3625.63426
98.220537,288,3626.273611
84.102717,288,3636.394443
53.973483,288,3637.026332
132.951529,288,3637.662447
74.12948,288,3638.382775
123.222379,288,3639.03744
35.945592,288,3639.671326
210.275516,288,3640.299045
92.213874,288,3640.927704
103.385763,288,3645.909436
235.389087,288,3646.54175
93.34808,288,3647.168554
138.261881,288,3647.797832
107.599601,288,3648.427824
22.232175,288,3649.148468
114.352135,288,3649.805912
70.07649,288,3659.179517
107.46328,288,3659.90427
113.934751,288,3660.652859
101.418954,288,3661.279651
202.210704,288,3661.911085
146.819557,288,3662.534501
171.86728,288,3663.155389
171.525135,288,3668.126781
129.02199,288,3668.746237
12.032518,288,3669.371744
117.53883,288,3669.998544
131.048394,288,3670.7186
120.559792,288,3671.369138
150.660479,288,3671.99049
87.197571,288,3681.396433
76.329778,288,3682.029305
207.185951,288,3682.66388
77.023571,288,3683.305344
109.458633,288,3684.032336
119.646265,288,3684.678207
145.704941,288,3685.311669
151.165222,288,3690.322368
129.67282,288,3690.949734
73.035522,288,3691.572537
102.034488,288,3692.199966
68.124975,288,3692.819291
138.402475,288,3693.438205
182.851736,288,3694.060754
159.373958,288,3703.593318
152.655349,288,3704.216155
102.67366,288,3704.842902
153.910095,288,3705.469753
45.774062,288,3706.098194
103.28438,288,3706.719931
161.993497,288,3707.352266
67.618034,288,3712.330877
129.657543,288,3712.957117
83.510201,288,3713.573515
121.760585,288,3714.208939
72.512897,288,3714.938283
82.560608,288,3715.582361
95.834063,288,3716.202672
196.407802,288,3725.622235
125.262357,288,3726.276989
120.498944,288,3726.904057
162.6611,288,3727.526735
70.635785,288,3728.140381
122.486361,288,3728.762347
80.219996,288,3729.38157
147.091068,288,3734.422327
113.389193,288,3735.045407
165.657356,288,3735.673295
71.79578,288,3736.387982
102.406008,288,3737.03493
79.661905,288,3737.654573
115.38684,288,3738.310418
129.67501,288,3738.931286
86.004511,288,3748.355771
109.679016,288,3748.980479
80.520752,288,3749.611597
188.141379,288,3750.229513
100.899996,288,3750.856848
103.651012,288,3751.476152
154.603985,288,3752.090536
98.092687,288,3757.012092
63.238913,288,3757.634225
194.925488,288,3758.253055
214.291557,288,3758.922743
134.868569,288,3759.605484
78.129229,288,3760.238677
145.278568,288,3760.855451
108.123759,288,3770.167002
168.345622,288,3770.784631
129.838708,288,3771.404002
140.681821,288,3772.125262
92.424516,288,3772.845855
84.175539,288,3773.461002
93.869518,288,3774.076616
170.292832,288,3778.93988
137.590005,288,3779.560413
145.004424,288,3780.181264
35.46904,288,3780.797426
105.892715,288,3781.418411
144.250297,288,3782.044507
134.640149,288,3782.665579
90.250083,288,3793.365286
41.097817,288,3794.019079
113.396703,288,3794.685727
110.081665,288,3795.361211
45.181498,288,3796.005402
182.346256,288,3796.812989
127.24515,288,3797.514262
143.906716,288,3803.136713
93.145214,288,3803.77949
67.689146,288,3804.452484
179.246606,288,3805.140541
108.713521,288,3805.833548
103.760111,288,3806.586841
112.012003,288,3807.366751
124.07424,288,3816.721718
98.697939,288,3817.334715
142.338629,288,3817.957515
61.746756,288,3818.573918
107.797598,288,3819.280004
76.40389,288,3819.925912
160.228917,288,3820.532825
99.476382,288,3825.386473
80.782115,288,3826.003512
45.064523,288,3826.614642
69.044509,288,3827.221234
110.156712,288,3827.827613
133.435339,288,3828.43186
47.821084,288,3829.035758
178.774686,288,3838.343356
96.325471,288,3838.977343
85.174029,288,3839.589145
179.102048,288,3840.197751
80.747178,288,3840.807644
107.048323,288,3841.420795
136.984661,288,3842.028997
95.934763,288,3842.641478
104.403851,288,3847.517911
131.266931,288,3848.121772
95.389755,288,3848.723881
80.758858,288,3849.376289
80.606192,288,3850.057753
104.503352,288,3850.668812
91.084374,288,3851.332935
99.545742,288,3859.772166
53.081882,288,3860.375119
99.215324,288,3860.97056
118.406959,288,3861.574206
92.416708,288,3862.267046
72.454426,288,3862.896092
88.85391,288,3863.495943
61.003501,288,3868.37061
177.817601,288,3868.978606
99.396018,288,3869.585182
96.320502,288,3870.191663
93.999827,288,3870.787492
92.664188,288,3871.390876
63.804444,288,3871.996615
137.514346,288,3881.153885
69.156657,288,3881.764533
108.983815,288,3882.380526
106.017966,288,3882.993645
187.500295,288,3883.687323
127.574553,288,3884.328476
91.879206,288,3884.937506
109.334322,288,3889.754168
109.986261,288,3890.359806
35.70647,288,3890.961573
111.330866,288,3891.570189
107.21798,288,3892.175082
151.797732,288,3892.77401
109.285843,288,3893.38129
106.366563,288,3902.736744
139.728063,288,3903.345417
72.128632,288,3903.959755
101.691227,288,3904.579829
95.844761,288,3905.192491
108.242617,288,3905.805145
73.903014,288,3906.414198
165.822828,288,3911.290119
175.579623,288,3911.903417
39.635944,288,3912.517256
97.478268,288,3913.133749
94.824473,288,3913.74562
89.359599,288,3914.356409
129.561146,288,3914.97614
97.132465,288,3924.150478
110.971434,288,3924.764474
89.410775,288,3925.386117
133.790389,288,3926.007099
125.551664,288,3926.702676
107.451543,288,3927.353692
162.498177,288,3927.964312
113.154035,288,3932.813208
114.622688,288,3933.422211
180.583725,288,3934.027781
32.517672,288,3934.66032
88.989011,288,3935.265583
95.811423,288,3935.873038
112.376508,288,3936.502858
80.542554,288,3937.111056
161.187762,288,3946.420493
76.648945,288,3947.022361
158.800891,288,3947.637213
92.07473,288,3948.239152
101.765268,288,3948.843072
156.469935,288,3949.451351
122.050797,288,3950.052445
80.368147,288,3954.873384
185.121826,288,3955.476065
97.684609,288,3956.078812
97.874308,288,3956.694869
120.973113,288,3957.297144
166.289733,288,3957.893485
239.511986,288,3958.498363
157.818039,288,3967.809318
94.847676,288,3968.412472
90.191866,288,3969.018953
115.617238,288,3969.677697
66.087097,288,3970.341119
107.012292,288,3970.943571
92.24891,288,3971.550882
69.670307,288,3976.359512
123.388539,288,3976.970602
217.181561,288,3977.578653
68.291811,288,3978.188629
38.319862,288,3978.790655
69.596925,288,3979.396014
98.467379,288,3979.999313
97.906366,288,3989.286658
99.595982,288,3989.807142
86.787219,288,3990.33406
42.591806,288,3990.853087
25.64837,288,3991.370363
27.993124,288,3991.890162
85.632237,288,3992.403217
131.582628,288,3997.103683
113.744092,288,3997.715615
129.11711,288,3998.329291
175.99152,288,3998.942286
200.862837,288,3999.54494
137.881449,288,4000.147712
110.629318,288,4000.757233
81.826604,288,4009.905765
202.435852,288,4010.515854
89.876619,288,4011.152552
135.1919,288,4011.771336
36.923516,288,4012.464749
120.032607,288,4013.11755
86.808598,288,4013.735551
92.479444,288,4018.614805
82.944291,288,4019.239119
88.840709,288,4019.854163
97.92788,288,4020.463805
103.664405,288,4021.079924
93.614285,288,4021.696227
87.81222,288,4022.317599
91.470961,288,4031.880909
50.594121,288,4032.501399
62.493429,288,4033.120573
74.801717,288,4033.801775
94.001361,288,4034.47561
96.460426,288,4035.093435
77.051461,288,4035.715379
80.173796,288,4036.330209
72.37853,288,4041.279986
109.682649,288,4041.905662
151.801609,288,4042.526371
83.058573,288,4043.155771
37.718528,288,4043.777768
110.875255,288,4044.407292
113.176568,288,4045.039144
75.637342,288,4054.345407
82.609716,288,4054.968017
43.170246,288,4055.597914
77.529726,288,4056.266098
100.084798,288,4056.983812
102.99199,288,4057.61934
114.647927,288,4058.238165
95.989715,288,4063.184978
46.334396,288,4063.808086
105.585813,288,4064.422453
137.65915,288,4065.047542
132.079489,288,4065.669987
117.970128,288,4066.289499
109.278028,288,4066.915631
116.847219,288,4076.575756
147.597232,288,4077.203763
71.771973,288,4077.833683
100.964505,288,4078.460872
100.337079,288,4079.095994
34.164616,288,4079.722339
160.798174,288,4080.351711
46.022321,288,4085.462606
173.225443,288,4086.086235
119.799519,288,4086.725432
43.333778,288,4087.364046
149.718175,288,4087.99398
181.216255,288,4088.622341
123.53984,288,4089.244052
163.326658,288,4098.585945
105.427423,288,4099.273783
112.122055,288,4099.968691
117.43682,288,4100.594395
92.965779,288,4101.215848
84.558471,288,4101.833607
120.970182,288,4102.45895
103.567307,288,4107.490704
74.734577,288,4108.108784
123.384015,288,4108.724641
193.53687,288,4109.296627
198.632425,288,4109.839763
174.413177,288,4110.385538
166.56604,288,4110.929225
145.765683,288,4119.832135
160.454421,288,4120.535938
104.322307,288,4121.175329
57.415066,288,4121.798714
95.202451,288,4122.433997
61.023044,288,4123.045999
113.504693,288,4123.661722
156.548532,288,4128.566165
46.786276,288,4129.181458
96.488646,288,4129.806186
132.59061,288,4130.424873
91.383714,288,4131.045198
19.747949,288,4131.751846
106.150519,288,4132.397471
160.776262,288,4133.012786
90.486934,288,4142.187389
104.95299,288,4142.800458
108.880699,288,4143.41181
93.981168,288,4144.015577
106.170564,288,4144.628805
85.929269,288,4145.249479
179.727829,288,4145.919695
112.792042,288,4150.713392
85.049787,288,4151.497228
45.862211,288,4152.139675
142.378221,288,4152.753813
166.029641,288,4153.359808
76.85519,288,4153.971437
147.549481,288,4154.572921
137.265081,288,4163.657519
89.416635,288,4164.262861
198.325415,288,4164.887631
92.028601,288,4165.495893
91.689815,288,4166.110643
118.356153,288,4166.715198
94.629861,288,4167.38462
52.510727,288,4172.122753
123.816814,288,4172.790109
29.67155,288,4173.453741
113.805121,288,4174.064434
126.480816,288,4174.675834
83.925412,288,4175.28975
182.578144,288,4175.895091
131.776785,288,4185.046253
88.235744,288,4185.657423
116.13513,288,4186.258884
68.708636,288,4186.866729
126.141733,288,4187.541393
80.08135,288,4188.138493
115.66034,288,4188.744527
124.946908,288,4193.50897
117.115082,288,4194.10459
181.682391,288,4194.700855
20.436609,288,4195.30178
18.267947,288,4195.902293
110.44781,288,4196.501725
91.851913,288,4197.109557
63.079173,288,4206.176616
86.73386,288,4206.787917
136.817288,288,4207.398371
64.170689,288,4208.009939
112.454819,288,4208.62164
106.375084,288,4209.229304
123.978153,288,4209.847465
88.205594,288,4214.682189
35.267696,288,4215.290682
26.487686,288,4215.89795
184.827104,288,4216.509325
134.413877,288,4217.125788
93.993697,288,4217.778851
101.239825,288,4218.470714
117.946091,288,4227.578422
82.028325,288,4228.186371
104.4039,288,4228.791476
83.752669,288,4229.399609
126.620923,288,4230.006085
101.304673,288,4230.61126
111.62173,288,4231.224328
135.157642,288,4231.829498
98.01776,288,4237.373138
146.927447,288,4237.978015
54.084581,288,4238.583045
83.653399,288,4239.200188
84.605438,288,4239.806374
113.989211,288,4240.499954
167.580632,288,4241.144785
143.610143,288,4250.236681
128.456396,288,4250.835789
114.183697,288,4251.445263
98.634297,288,4252.0575
102.807272,288,4252.659603
145.036857,288,4253.26606
110.682294,288,4253.866378
99.212153,288,4258.757743
71.143816,288,4259.360878
85.131202,288,4259.973104
140.767061,288,4260.581393
101.824978,288,4261.189239
98.383137,288,4261.897842
82.25464,288,4262.544402
62.260794,288,4271.847664
24.200697,288,4272.46238
184.955875,288,4273.075632
109.807214,288,4273.689226
61.000443,288,4274.32964
137.780435,288,4274.950524
131.29321,288,4275.572069
170.982582,288,4280.49486
140.317567,288,4281.112149
68.124087,288,4281.72762
45.66301,288,4282.343223
211.053513,288,4282.957167
35.999718,288,4283.571205
5.502559,288,4284.18291
36.673849,288,4293.577716
138.035919,288,4294.188243
201.509347,288,4294.801293
61.424371,288,4295.413895
181.608824,288,4296.032447
147.752041,288,4296.649218
133.869906,288,4297.268978
91.823858,288,4302.252081
107.285827,288,4302.870346
117.811051,288,4303.493443
100.524879,288,4304.109597
80.528473,288,4304.730464
195.399915,288,4305.347358
108.701481,288,4306.066997
146.531514,288,4315.424211
202.148661,288,4316.041883
93.222309,288,4316.659855
18.516203,288,4317.289459
78.571127,288,4318.098533
99.871821,288,4318.745906
140.117137,288,4319.371607
62.595841,288,4324.402433
181.653296,288,4325.02335
135.478591,288,4325.643502
179.373818,288,4326.270227
169.025352,288,4326.89238
211.436638,288,4327.521346
145.291346,288,4328.142558
99.761151,288,4328.763624
107.536244,288,4338.130917
84.96031,288,4338.752745
103.493709,288,4339.379692
99.129398,288,4340.004163
132.613116,288,4340.63022
118.758786,288,4341.249511
103.80995,288,4341.875423
155.978828,288,4346.886576
117.607575,288,4347.513275
133.215253,288,4348.14429
179.343741,288,4348.766792
60.546166,288,4349.390629
143.786049,288,4350.048576
119.668559,288,4350.751542
93.426884,288,4360.066054
48.546441,288,4360.687574
95.448427,288,4361.309296
204.087775,288,4361.932801
100.956364,288,4362.554163
110.539234,288,4363.199956
148.953754,288,4363.845826
142.079574,288,4368.75219
96.539508,288,4369.301091
146.249045,288,4369.846307
168.747597,288,4370.394825
102.343829,288,4370.940644
89.761624,288,4371.491694
90.715634,288,4372.087347
129.672665,288,4381.552084
170.172136,288,4382.185709
152.911974,288,4382.807591
117.974631,288,4383.438812
125.441016,288,4384.069311
101.65965,288,4384.775217
126.839752,288,4385.432792
109.289648,288,4390.340538
129.605048,288,4390.990432
172.064714,288,4391.613309
93.800561,288,4392.233144
204.097822,288,4392.855479
119.294364,288,4393.485099
142.266652,288,4394.116167
78.031612,288,4403.48759
126.636709,288,4404.105777
108.955058,288,4404.726509
134.415093,288,4405.363868
172.484833,288,4405.991149
131.0999,288,4406.617186
137.683405,288,4407.248425
110.801227,288,4412.322949
109.195342,288,4412.949036
96.163257,288,4413.573225
151.676961,288,4414.202653
113.435578,288,4414.910893
97.832377,288,4415.56261
63.75756,288,4416.186563
54.422889,288,4425.549511
112.79238,288,4426.174173
91.084782,288,4426.787691
89.560029,288,4427.416813
101.166781,288,4428.037344
131.72342,288,4428.659172
180.320496,288,4429.372334
110.680338,288,4430.032736
85.012659,288,4434.967613
30.729089,288,4435.612376
102.419671,288,4436.228243
87.648518,288,4436.844266
153.364198,288,4437.469542
108.994067,288,4438.092774
122.691254,288,4438.716573
150.955078,288,4448.158462
101.995379,288,4448.778287
170.77194,288,4449.406609
153.285935,288,4450.028134
68.184432,288,4450.652593
90.154999,288,4451.266953
228.362965,288,4451.884403
75.346891,288,4456.942654
105.035954,288,4457.572594
27.411051,288,4458.188503
108.317818,288,4458.900646
43.158055,288,4459.554631
129.760361,288,4460.171197
87.989955,288,4460.787325
96.386158,288,4470.206068
147.069186,288,4470.848667
103.530512,288,4471.477716
91.2093,288,4472.103509
101.805904,288,4472.746325
93.077351,288,4473.380224
180.65884,288,4474.004758
113.075438,288,4478.985796
119.073367,288,4479.606588
127.564023,288,4480.226259
131.276455,288,4480.967246
99.826462,288,4481.621452
25.208852,288,4482.250766
70.532034,288,4482.890284
116.414555,288,4492.332094
135.866568,288,4492.952516
116.724989,288,4493.570262
129.926393,288,4494.201458
118.617688,288,4494.820857
97.419809,288,4495.441362
46.212867,288,4496.057122
108.758836,288,4501.042215
120.684978,288,4501.667249
122.736856,288,4502.390053
120.28916,288,4503.020229
100.391187,288,4503.740503
97.101283,288,4504.391278
79.917011,288,4505.018024
158.897755,288,4513.819016
151.593603,288,4514.360409
41.031224,288,4514.945864
115.602022,288,4515.575474
138.08748,288,4516.211602
158.666777,288,4516.948865
162.219003,288,4517.589688
118.322736,288,4522.51908
90.044788,288,4523.15626
111.08722,288,4523.767507
111.325548,288,4524.385806
102.074725,288,4525.005208
128.654582,288,4525.622194
94.641382,288,4526.232899
188.734693,288,4526.850413
148.51658,288,4536.257121
117.32958,288,4536.872283
87.433675,288,4537.501191
121.011962,288,4538.118476
109.406498,288,4538.734226
143.515935,288,4539.351943
88.276806,288,4539.967507
183.780958,288,4544.934058
109.337727,288,4545.561796
110.572966,288,4546.18589
110.86731,288,4546.874475
74.244817,288,4547.550771
192.432698,288,4548.16402
115.349078,288,4548.779836
24.772269,288,4558.00016
48.949726,288,4558.606942
134.408871,288,4559.209524
130.511987,288,4559.825091
164.557341,288,4560.440941
94.81578,288,4561.058891
142.580204,288,4561.773875
207.01068,288,4566.564618
83.402905,288,4567.347173
86.520045,288,4567.965636
81.077786,288,4568.569291
121.931797,288,4569.18003
135.675904,288,4569.782449
87.362491,288,4570.387703
113.491639,288,4579.49828
130.311416,288,4580.09872
127.657498,288,4580.696196
117.465408,288,4581.305349
113.606663,288,4581.909773
150.109771,288,4582.508532
126.362372,288,4583.116507
100.012747,288,4588.207737
190.80795,288,4588.824508
110.065118,288,4589.432226
92.175427,288,4590.03997
110.566343,288,4590.743945
129.080858,288,4591.38652
130.924704,288,4591.990905
215.551117,288,4601.124033
101.344059,288,4601.735105
147.552112,288,4602.351609
98.660312,288,4602.969126
55.548967,288,4603.583796
134.395556,288,4604.200421
49.319398,288,4604.843396
122.975339,288,4609.738398
107.61591,288,4610.397527
88.915393,288,4611.082224
168.146116,288,4611.698687
126.199174,288,4612.31018
111.922898,288,4612.91606
114.910825,288,4613.528293
106.254671,288,4622.758643
83.245294,288,4623.367467
96.611419,288,4623.977022
122.736487,288,4624.575662
105.86697,288,4625.18082
72.972354,288,4625.780683
119.884586,288,4626.383694
110.26844,288,4626.959241
135.810388,288,4631.413237
134.23761,288,4632.005313
121.092338,288,4632.618982
241.617509,288,4633.218192
85.727859,288,4633.915696
103.209345,288,4634.550714
134.115618,288,4635.154683
90.542269,288,4644.286782
126.536318,288,4644.989177
169.150106,288,4645.973749
208.226613,288,4646.959965
127.54634,288,4647.800235
164.758293,288,4648.65783
182.058932,288,4649.692045
147.954913,288,4655.800528
94.371432,288,4656.521319
192.939277,288,4657.346906
129.81397,288,4658.109271
90.790236,288,4658.837343
68.595422,288,4659.545974
124.712033,288,4660.216488
88.647715,288,4670.771071
53.498314,288,4671.512132
89.797288,288,4672.192252
156.616042,288,4673.029227
56.326991,288,4673.768199
128.43396,288,4674.436127
170.238517,288,4675.103994
135.430533,288,4681.631943
100.760133,288,4682.573538
135.971449,288,4683.527594
76.163616,288,4684.444137
122.609148,288,4685.336577
76.75977,288,4686.219841
68.494817,288,4687.12023
167.298045,288,4699.721443
161.486862,288,4700.545691
5.440366,288,4701.330515
106.67054,288,4702.10114
105.854309,288,4703.327671
109.279978,288,4704.311487
96.744131,288,4705.396154
119.2418,288,4711.867105
132.104903,288,4712.680248
89.455275,288,4713.48144
44.319023,288,4714.229245
78.418094,288,4714.997134
141.926573,288,4716.201335
177.016441,288,4717.165636
84.070514,288,4729.262455
147.536985,288,4730.123005
63.716147,288,4730.874817
72.00248,288,4731.670788
43.835201,288,4732.465811
101.356673,288,4733.20307
136.639354,288,4734.349695
130.439925,288,4741.589179
70.147541,288,4742.533312
128.251762,288,4743.461394
78.585816,288,4744.380219
118.560706,288,4745.165711
127.161514,288,4746.315102
207.570264,288,4747.28908
91.526664,288,4748.128872
114.889284,288,4760.754176
65.691964,288,4761.46342
112.119847,288,4762.476288
119.998685,288,4763.190362
84.623823,288,4763.897765
108.436835,288,4764.596348
29.432657,288,4765.33758
99.606491,288,4772.623614
5.161366,288,4773.603693
180.637006,288,4774.57924
80.506228,288,4775.558534
86.801351,288,4776.54008
72.780429,288,4777.535237
57.605019,288,4778.513616
94.235847,288,4793.348042
110.872091,288,4794.322467
118.21129,288,4795.305707
161.090676,288,4796.516531
157.834868,288,4797.452782
105.303684,288,4798.380475
159.66536,288,4799.355613
107.796996,288,4806.364725
153.411818,288,4806.930205
65.916304,288,4807.486542
10.375665,288,4808.053668
50.302881,288,4808.616653
59.871035,288,4809.272843
184.377662,288,4810.12826
30.17106,288,4823.992381
143.914412,288,4824.916074
100.524055,288,4825.831927
121.175168,288,4826.752106
109.797762,288,4827.670749
116.55006,288,4828.490002
5.126148,288,4829.233543
35.052937,288,4838.033603
112.087216,288,4838.822296
44.034096,288,4839.613929
79.919529,288,4840.401446
106.703945,288,4841.186019
102.344777,288,4841.922734
174.718494,288,4842.623722
121.166799,288,4855.001755
55.186347,288,4856.287853
95.541571,288,4857.261569
161.011257,288,4858.227525
109.623489,288,4859.144914
136.135376,288,4860.07403
161.273361,288,4861.054637
123.118176,288,4868.403026
107.863114,288,4869.257342
126.47665,288,4870.237209
95.052016,288,4871.188132
186.263111,288,4872.1217
111.120254,288,4872.959068
188.364358,288,4873.795289
202.619982,288,4886.583945
127.641589,288,4887.281276
74.265778,288,4887.99652
124.893065,288,4888.730706
107.401906,288,4889.573778
88.233446,288,4890.425447
96.243046,288,4891.284205
35.491137,288,4892.143539
91.234383,288,4898.539934
72.199013,288,4899.194091
206.102903,288,4899.952234
123.68369,288,4900.719286
30.104328,288,4901.423621
113.050528,288,4902.16231
121.830562,288,4902.916972
93.459341,288,4913.618549
153.114397,288,4914.352456
92.619473,288,4915.184441
134.099725,288,4915.90192
149.796524,288,4916.635756
88.265217,288,4917.34327
94.686323,288,4918.336483
217.563419,288,4925.671438
95.092981,288,4926.406584
49.022372,288,4927.179407
73.131586,288,4927.927156
102.287195,288,4928.679786
140.97609,288,4929.382473
-15.242404,288,4930.193156
116.082174,288,4942.162479
167.872217,288,4942.89534
95.423622,288,4943.589557
105.132629,288,4944.498346
41.704825,288,4945.464787
40.209037,288,4946.320675
89.738279,288,4947.072882
92.290655,288,4954.258506
107.216189,288,4955.07843
116.189613,288,4956.060564
99.53924,288,4957.128069
153.263787,288,4958.066683
186.799568,288,4958.961113
120.237868,288,4960.239795
110.660089,288,4972.857889
77.045291,288,4973.663196
92.560356,288,4974.770276
60.286203,288,4975.735497
14.017178,288,4976.709984
161.18526,288,4977.682031
105.420899,288,4978.592566
101.05613,288,4985.193072
159.758688,288,4986.032689
161.142769,288,4987.148754
145.633556,288,4987.99462
121.581925,288,4988.8355
192.667426,288,4989.550213
244.942809,288,4990.30593
88.24054,288,5001.12661
107.302215,288,5002.084141
100.994737,288,5003.048253
112.096239,288,5004.04086
121.895861,288,5005.012811
13.731806,288,5005.992443
76.712116,288,5006.978109
54.961657,288,5014.51801
38.643468,288,5015.612585
114.16185,288,5016.595628
156.479541,288,5017.543071
108.405488,288,5018.517609
67.133417,288,5019.475022
110.93671,288,5020.590703
170.944814,288,5021.512279
79.952353,288,5035.705521
142.877214,288,5036.891522
188.596301,288,5037.692967
99.887563,288,5038.663043
118.26669,288,5039.654991
100.732368,288,5040.634348
110.246527,288,5041.603143
196.04994,288,5050.688692
106.587831,288,5052.294574
71.073848,288,5053.626317
132.849446,288,5054.734401
132.451677,288,5055.937086
97.949145,288,5057.01466
56.730343,288,5058.156949
117.223582,288,5073.830078
73.162254,288,5074.827093
122.627032,288,5075.812566
141.486488,288,5076.800406
173.422463,288,5077.67695
115.368721,288,5078.58809
133.315951,288,5079.60513
70.260193,288,5087.616087
103.36724,288,5088.700557
104.121873,288,5089.622206
122.457581,288,5090.588567
150.836543,288,5091.539164
204.291882,288,5092.493251
97.545319,288,5093.445765
123.987182,288,5107.386614
44.712605,288,5108.341296
67.293664,288,5109.329688
123.250471,288,5110.357517
106.069003,288,5111.352104
116.639298,288,5112.339464
185.126397,288,5113.338624
107.770079,288,5120.037668
109.698329,288,5120.935135
143.995668,288,5121.830162
110.627256,288,5122.822304
129.457309,288,5123.840147
107.142119,288,5124.843502
128.929386,288,5125.864081
117.652581,288,5140.971211
107.109334,288,5141.989058
64.971431,288,5143.000655
99.990242,288,5144.005894
105.601186,288,5145.049637
64.936708,288,5146.083735
88.538593,288,5147.102085
77.522236,288,5155.253983
40.454211,288,5156.281704
84.233114,288,5157.31646
115.296952,288,5158.345772
130.09549,288,5159.363888
140.591936,288,5160.383461
50.887569,288,5161.415601
172.806059,288,5176.541544
74.281433,288,5177.540663
153.502569,288,5178.557305
185.214615,288,5179.583586
128.948239,288,5180.620943
103.420096,288,5181.652736
114.69833,288,5182.668553
105.558598,288,5183.719303
43.742637,288,5191.225775
116.950452,288,5192.216506
64.204037,288,5193.180949
168.780173,288,5194.244995
138.148585,288,5195.275465
151.416218,288,5196.367009
186.190088,288,5197.442716
129.022506,288,5209.810646
82.060302,288,5210.505687
55.592607,288,5211.154102
203.287893,288,5211.803411
152.18439,288,5212.444643
180.54281,288,5213.272399
89.313195,288,5213.985037
137.645943,288,5218.907027
143.568933,288,5219.697447
69.022783,288,5220.400806
127.637455,288,5221.223059
207.792401,288,5222.190604
118.904597,288,5223.180136
18.830457,288,5224.147995
98.393302,288,5238.036071
50.192727,288,5238.946308
128.579216,288,5239.853412
126.420746,288,5240.800245
30.300899,288,5241.712967
127.649099,288,5242.628406
79.461761,288,5243.533374
232.683464,288,5250.249838
120.246843,288,5250.944767
109.16853,288,5251.656197
37.094272,288,5252.363947
21.293396,288,5253.109491
50.405721,288,5253.804407
93.085518,288,5254.524077
141.151529,288,5267.758039
133.051547,288,5268.317989
24.93716,288,5268.900709
232.567367,288,5269.474181
157.829965,288,5270.066408
145.840098,288,5270.699445
94.994718,288,5271.638022
79.043429,288,5277.645224
193.173362,288,5278.615306
114.520733,288,5279.674022
118.079862,288,5280.578883
105.82925,288,5281.371907
32.49091,288,5282.312305
17.135038,288,5283.284467
128.153836,288,5295.341115
190.131748,288,5296.298473
135.991947,288,5297.18905
149.044303,288,5297.998827
160.095091,288,5298.875554
106.927844,288,5300.087589
111.438819,288,5300.749225
125.095635,288,5306.361223
111.421474,288,5307.063998
121.209256,288,5307.835846
39.351991,288,5308.684038
188.780312,288,5309.454281
136.246087,288,5310.252631
101.267593,288,5310.971776
137.773078,288,5311.708272
65.702936,288,5324.332485
44.636802,288,5325.11781
126.130231,288,5325.892738
185.794348,288,5326.677895
78.938336,288,5327.839875
92.194632,288,5328.614132
163.207508,288,5329.425441
20.082567,288,5335.885749
26.118915,288,5336.509237
123.386012,288,5337.281152
182.739619,288,5338.010401
58.183409,288,5338.746425
128.377716,288,5339.599522
101.302332,288,5340.365357
200.918111,288,5351.638333
129.311631,288,5352.400266
36.801385,288,5353.156456
137.590678,288,5353.975643
83.951078,288,5354.79291
90.916114,288,5355.883532
72.774912,288,5356.665137
59.558097,288,5363.041134
116.916388,288,5363.707781
137.481392,288,5364.42274
96.335514,288,5365.161649
145.193524,288,5365.884995
160.082262,288,5366.698499
60.24774,288,5367.502775
132.914021,288,5379.368057
121.371251,288,5380.162808
209.507608,288,5380.944948
107.848103,288,5381.695756
13.984578,288,5382.413285
69.20725,288,5383.14553
44.849448,288,5384.269945
122.192586,288,5390.731033
154.055005,288,5391.361399
90.784748,288,5392.017304
148.110625,288,5392.695588
66.471472,288,5393.393354
169.683653,288,5394.101051
125.13551,288,5394.878242
175.547668,288,5407.433545
193.540897,288,5408.140389
109.617934,288,5408.812179
38.856425,288,5409.489615
125.068345,288,5410.167804
115.158411,288,5410.908946
77.902553,288,5411.787483
205.001809,288,5418.837852
112.723945,288,5419.691038
105.369611,288,5420.437399
213.750809,288,5421.188719
157.557591,288,5421.893395
119.978484,288,5422.961391
133.013336,288,5423.680355
179.109532,288,5436.853938
147.111955,288,5437.438106
100.391731,288,5438.020663
111.392001,288,5438.621561
177.218086,288,5439.281541
138.134653,288,5440.080997
100.554975,288,5440.803489
99.532593,288,5441.521361
180.905063,288,5448.011278
105.129104,288,5448.988014
39.235997,288,5449.927923
234.428077,288,5450.905432
122.785064,288,5451.905055
160.522768,288,5452.638013
124.252602,288,5453.260001
139.970381,288,5463.36955
116.471116,288,5464.08508
77.911938,288,5464.837265
147.62826,288,5465.628972
99.718608,288,5466.428895
127.979196,288,5467.17062
155.005877,288,5467.871291
104.604596,288,5473.641237
151.29958,288,5474.837014
187.239223,288,5475.705196
70.790037,288,5476.687405
137.798885,288,5477.817085
-7.992919,288,5478.915998
132.698174,288,5479.826538
25.611616,288,5491.752684
167.921255,288,5492.90465
165.570493,288,5494.1767
81.44968,288,5495.178453
137.421396,288,5496.112591
182.146806,288,5496.988637
125.463355,288,5497.87448
182.327431,288,5504.471217
135.82854,288,5505.224797
40.790682,288,5506.025363
137.285361,288,5506.855996
152.758647,288,5507.700229
170.164254,288,5508.456601
177.300726,288,5509.150048
116.410432,288,5522.410557
204.555465,288,5523.39581
203.653031,288,5524.061204
152.437281,288,5524.645426
135.143911,288,5525.217348
99.712407,288,5525.821332
113.186404,288,5526.521674
125.300337,288,5532.256369
90.647377,288,5532.95823
145.442414,288,5533.660616
122.847087,288,5534.507176
147.237645,288,5535.257546
83.625379,288,5535.966047
113.348198,288,5536.730577
122.850794,288,5547.700893
100.501926,288,5549.13366
124.933928,288,5550.262337
231.247019,288,5551.046254
42.441517,288,5551.802265
128.9052,288,5552.567328
59.837093,288,5553.38935
132.909162,288,5560.479928
129.680845,288,5561.247582
138.545535,288,5561.970451
48.882856,288,5562.753112
106.429291,288,5563.569709
134.117264,288,5564.254533
94.916651,288,5564.936977
78.284725,288,5565.635168
183.251914,288,5579.263401
66.428148,288,5580.239833
115.736264,288,5580.913443
119.428506,288,5581.620543
130.560538,288,5582.592702
97.791461,288,5583.292077
94.964419,288,5584.131194
82.18063,288,5592.070842
197.491632,288,5593.50358
133.869589,288,5594.631006
120.034283,288,5595.680333
130.885239,288,5596.501484
60.379451,288,5597.577066
123.040449,288,5598.568508
117.061462,288,5610.796105
101.307353,288,5611.486958
127.800262,288,5612.344424
183.921874,288,5613.34706
161.638589,288,5614.320518
135.353075,288,5615.317993
121.996317,288,5616.615517
